t,ax,ay,az,gx,gy,gz
0.000000,-0.076271698,0.052988268,9.904960632,0.000383623,0.000990443,0.000081245
0.039000,-0.066689789,0.048197314,9.900169373,0.000384716,-0.000078502,0.000076182
0.060000,-0.061898828,0.048197314,9.904960632,0.000384716,-0.000078502,0.000076182
0.081000,-0.076271698,0.057779230,9.900169373,-0.000679825,-0.000092837,0.000059797
0.100000,-0.085853614,0.057779230,9.904960632,0.000384432,-0.000098349,0.000054288
0.120000,-0.071480744,0.043406360,9.909751892,0.000384432,-0.000098349,0.000054288
0.140000,-0.057107870,0.043406360,9.904960632,-0.000684144,-0.000109705,0.000043663
0.161000,-0.061898828,0.057779230,9.904960632,-0.000684144,-0.000109705,0.000043663
0.181000,-0.076271698,0.048197314,9.904960632,0.000376823,-0.000120138,0.000033902
0.201000,-0.090644568,0.038615398,9.904960632,0.000374791,-0.000124384,0.000029432
0.241000,-0.061898828,0.062570184,9.900169373,0.000372753,-0.000127835,0.000025263
0.260000,-0.076271698,0.062570184,9.904960632,-0.000696178,-0.000132388,0.000017869
0.281000,-0.081062660,0.048197314,9.904960632,0.000369085,-0.000132388,0.000017869
0.302000,-0.071480744,0.033824444,9.904960632,-0.000697356,0.000931291,0.000014646
0.343000,-0.052316912,0.067361146,9.900169373,0.000367241,-0.000137542,0.000006816
0.381000,-0.085853614,0.043406360,9.904960632,0.000368859,-0.000140943,0.000003158
0.401000,-0.066689789,0.043406360,9.900169373,0.000368859,-0.000140943,0.000003158
0.421000,-0.057107870,0.048197314,9.904960632,-0.000695095,-0.000143251,0.000002216
0.442000,-0.071480744,0.062570184,9.909751892,0.000371766,-0.000145731,0.000002011
0.463000,-0.090644568,0.057779230,9.900169373,0.000373735,-0.000148165,0.000002426
0.502000,-0.071480744,0.052988268,9.900169373,-0.000686387,-0.000152634,0.000004851
0.523000,-0.057107870,0.048197314,9.909751892,0.000384980,-0.000154970,0.000010135
0.543000,-0.066689789,0.052988268,9.904960632,0.000384980,-0.000154970,0.000010135
0.582000,-0.076271698,0.057779230,9.904960632,0.000391590,-0.000153586,0.000017810
0.604000,-0.061898828,0.048197314,9.900169373,-0.000670025,-0.000151612,0.000022184
0.643000,-0.071480744,0.052988268,9.904960632,0.000402502,-0.000145891,0.000031432
0.663000,-0.076271698,0.052988268,9.904960632,-0.000654833,-0.000138671,0.000040759
0.704000,-0.081062660,0.062570184,9.904960632,0.000414709,-0.000134767,0.000045285
0.744000,-0.061898828,0.048197314,9.904960632,0.000423598,-0.000126786,0.000053822
0.764000,-0.076271698,0.043406360,9.904960632,-0.000636916,-0.000122839,0.000057767
0.803000,-0.071480744,0.052988268,9.909751892,-0.000626997,-0.000115281,0.000064908
0.823000,-0.066689789,0.048197314,9.895379066,0.000443706,-0.000111741,0.000068084
0.843000,-0.071480744,0.048197314,9.904960632,-0.000609780,-0.000104512,0.000073629
0.865000,-0.076271698,0.048197314,9.904960632,-0.000609780,-0.000104512,0.000073629
0.905000,-0.071480744,0.057779230,9.900169373,-0.000592041,-0.000092006,0.000079268
0.945000,-0.071480744,0.048197314,9.904960632,0.000478638,-0.000087699,0.000079819
0.984000,-0.081062660,0.048197314,9.904960632,-0.000576871,-0.000079285,0.000079143
1.004000,-0.071480744,0.057779230,9.904960632,-0.000576871,-0.000079285,0.000079143
1.026000,-0.061898828,0.057779230,9.904960632,0.000498775,-0.000071446,0.000075993
1.065000,-0.071480744,0.043406360,9.909751892,0.000518227,-0.000061263,0.000066071
1.086000,-0.076271698,0.048197314,9.900169373,0.000525355,-0.000058347,0.001127180
1.125000,-0.066689789,0.052988268,9.904960632,0.000532198,-0.000055678,0.000057389
1.145000,-0.081062660,0.048197314,9.909751892,0.000538243,-0.000053254,0.000052305
1.166000,-0.081062660,0.052988268,9.904960632,0.000546652,0.001016144,0.000040828
1.205000,-0.066689789,0.052988268,9.900169373,0.000549938,0.001018644,0.000029951
1.226000,-0.071480744,0.048197314,9.909751892,0.000549938,0.001018644,0.000029951
1.245000,-0.071480744,0.048197314,9.914543152,0.000549406,-0.000046555,0.000025135
1.266000,-0.071480744,0.052988268,9.900169373,-0.000517930,-0.000047522,0.000020739
1.308000,-0.071480744,0.057779230,9.900169373,0.000539223,-0.000052272,0.000013336
1.346000,-0.081062660,0.052988268,9.900169373,-0.000538298,-0.000059600,0.000009024
1.366000,-0.090644568,0.048197314,9.895379066,-0.000545282,-0.000063858,-0.001057190
1.388000,-0.061898828,0.062570184,9.914543152,-0.000552024,-0.000068348,-0.001057333
1.408000,-0.057107870,0.052988268,9.900169373,0.000507104,-0.000072813,0.000008927
1.427000,-0.066689789,0.043406360,9.900169373,-0.000563390,-0.000076886,0.000011326
1.447000,-0.076271698,0.043406360,9.904960632,-0.000567634,-0.000080416,0.000015018
1.467000,-0.071480744,0.043406360,9.914543152,0.000494428,-0.000083442,0.000019739
1.488000,-0.071480744,0.057779230,9.904960632,0.000492299,-0.000086002,0.000025255
1.509000,-0.071480744,0.057779230,9.904960632,0.000489210,-0.000089877,0.000037858
1.528000,-0.071480744,0.048197314,9.895379066,0.000489210,-0.000089877,0.000037858
1.568000,-0.085853614,0.057779230,9.904960632,-0.000580760,-0.000092348,0.000051454
1.587000,-0.076271698,0.052988268,9.904960632,0.000481615,0.000972115,0.000058294
1.609000,-0.066689789,0.043406360,9.900169373,0.000476553,-0.000094789,0.000071725
1.648000,-0.076271698,0.052988268,9.909751892,-0.000590934,0.000967706,0.000085698
1.668000,-0.081062660,0.062570184,9.909751892,-0.000590934,0.000967706,0.000085698
1.688000,-0.071480744,0.048197314,9.900169373,-0.000590476,0.000965848,0.000092705
1.709000,-0.052316912,0.043406360,9.909751892,0.000476468,-0.000101843,0.000099234
1.729000,-0.061898828,0.038615398,9.904960632,-0.000585807,-0.000104867,0.000105115
1.769000,-0.076271698,0.057779230,9.909751892,0.000489538,-0.000111417,0.000115017
1.809000,-0.071480744,0.052988268,9.904960632,0.000503495,-0.000117006,0.000122485
1.849000,-0.066689789,0.048197314,9.909751892,0.000522628,0.000941161,0.000127060
1.869000,-0.081062660,0.048197314,9.900169373,0.000522628,0.000941161,0.000127060
1.890000,-0.076271698,0.052988268,9.904960632,0.000527851,-0.000126978,-0.000938424
1.910000,-0.061898828,0.038615398,9.904960632,0.000527851,-0.000126978,-0.000938424
1.949000,-0.076271698,0.057779230,9.909751892,0.000535998,-0.000139183,0.000119205
1.969000,-0.071480744,0.052988268,9.909751892,-0.000529294,-0.000144091,0.000115122
1.989000,-0.081062660,0.052988268,9.904960632,0.000534665,-0.000149197,0.000110654
2.010000,-0.081062660,0.043406360,9.909751892,0.000529857,-0.000159597,-0.000964207
2.030000,-0.066689789,0.052988268,9.900169373,-0.000538013,-0.000164724,0.000096287
2.071000,-0.076271698,0.052988268,9.909751892,0.000524838,-0.000169716,0.000091978
2.110000,-0.085853614,0.048197314,9.904960632,0.000519862,-0.000179105,0.000085125
2.150000,-0.028362129,0.052988268,9.904960632,0.000516786,-0.000183432,0.000082491
2.170000,-0.095435530,0.033824444,9.904960632,0.000509261,0.000874018,0.000078580
2.191000,-0.128972232,0.057779230,9.904960632,-0.000566035,-0.000197725,0.000076188
2.211000,-0.076271698,0.057779230,9.900169373,-0.000566035,-0.000197725,0.000076188
2.251000,-0.047525957,0.043406360,9.900169373,0.000485203,0.000863772,0.000075141
2.292000,-0.100226484,0.052988268,9.900169373,-0.000606033,-0.000204782,0.000078141
2.312000,-0.061898828,0.067361146,9.900169373,-0.000606033,-0.000204782,0.000078141
2.351000,-0.066689789,0.043406360,9.900169373,-0.000622621,-0.000208833,0.000082633
2.372000,-0.090644568,0.033824444,9.904960632,0.000435310,-0.000210847,0.000085311
2.412000,-0.057107870,0.057779230,9.904960632,-0.000649035,-0.000213366,0.000093997
2.432000,-0.076271698,0.057779230,9.904960632,0.000411380,-0.000212829,0.000096418
2.452000,-0.090644568,0.043406360,9.904960632,0.000411380,-0.000212829,0.000096418
2.472000,-0.071480744,0.048197314,9.904960632,0.000407533,-0.000211766,0.000098285
2.493000,-0.071480744,0.062570184,9.900169373,0.000401676,0.000856805,0.000100599
2.513000,-0.076271698,0.062570184,9.904960632,0.000401676,0.000856805,0.000100599
2.553000,-0.057107870,0.038615398,9.904960632,0.000392718,0.000860775,0.000101531
2.592000,-0.081062660,0.057779230,9.904960632,0.000389225,-0.000205396,0.000101860
2.613000,-0.066689789,0.038615398,9.904960632,0.000381921,-0.000211283,0.000103421
2.653000,-0.085853614,0.062570184,9.900169373,0.000378093,-0.000215453,0.000104536
2.693000,-0.076271698,0.048197314,9.895379066,0.000364383,-0.000229898,0.000108642
2.732000,-0.061898828,0.057779230,9.909751892,0.000359180,-0.000234798,0.000110137
2.753000,-0.076271698,0.057779230,9.900169373,-0.000717969,-0.000244713,0.000112398
2.773000,-0.076271698,0.043406360,9.904960632,-0.000717969,-0.000244713,0.000112398
2.793000,-0.066689789,0.052988268,9.904960632,-0.000724318,-0.000248970,0.000112765
2.813000,-0.071480744,0.057779230,9.900169373,-0.000736032,-0.000254283,0.000112200
2.834000,-0.066689789,0.048197314,9.904960632,-0.000736032,-0.000254283,0.000112200
2.853000,-0.066689789,0.043406360,9.900169373,0.000324226,0.000809806,0.000111414
2.874000,-0.066689789,0.052988268,9.904960632,0.000316244,-0.000256263,0.000109144
2.894000,-0.095435530,0.057779230,9.914543152,-0.000752399,-0.000256489,0.000107766
2.914000,-0.085853614,0.052988268,9.900169373,-0.000752399,-0.000256489,0.000107766
2.954000,-0.061898828,0.048197314,9.904960632,-0.000758151,-0.000256802,0.000104742
2.975000,-0.085853614,0.057779230,9.904960632,-0.000760396,-0.000256898,0.000103166
2.995000,-0.071480744,0.048197314,9.900169373,-0.000760396,-0.000256898,0.000103166
3.036000,-0.061898828,0.057779230,9.909751892,0.000304923,-0.000256251,0.000096889
3.055000,-0.085853614,0.052988268,9.900169373,0.000304923,-0.000256251,0.000096889
3.075000,-0.081062660,0.043406360,9.900169373,-0.000755425,0.000812587,0.000091741
3.095000,-0.066689789,0.048197314,9.904960632,0.000309838,0.000812587,0.000091741
3.116000,-0.076271698,0.057779230,9.909751892,0.000309838,0.000812587,0.000091741
3.157000,-0.066689789,0.038615398,9.909751892,0.000323429,-0.000237559,0.000073150
3.176000,-0.071480744,0.043406360,9.904960632,-0.000737633,-0.000234081,0.000067661
3.196000,-0.085853614,0.062570184,9.904960632,-0.000737633,-0.000234081,0.000067661
3.216000,-0.085853614,0.062570184,9.904960632,-0.000733153,-0.000230710,0.000062087
3.256000,-0.061898828,0.048197314,9.904960632,-0.000721864,-0.001288650,0.000051045
3.294000,-0.071480744,0.052988268,9.909751892,0.000359989,-0.000214863,0.000040756
3.317000,-0.071480744,0.057779230,9.900169373,0.000369704,-0.000210353,0.000036470
3.357000,-0.071480744,0.043406360,9.900169373,0.000396216,-0.000197749,0.000028020
3.396000,-0.081062660,0.057779230,9.904960632,-0.000661366,-0.000193468,0.000026423
3.416000,-0.076271698,0.048197314,9.904960632,0.000418856,-0.000184255,0.000024645
3.437000,-0.071480744,0.052988268,9.900169373,0.000418856,-0.000184255,0.000024645
3.456000,-0.066689789,0.048197314,9.909751892,-0.000639461,-0.000179522,0.000024340
3.478000,-0.071480744,0.048197314,9.909751892,0.000436700,-0.000170188,0.000024618
3.517000,-0.076271698,0.048197314,9.900169373,0.000440514,0.000899560,0.000025104
3.538000,-0.071480744,0.048197314,9.904960632,0.000443038,-0.000161556,0.000025764
3.557000,-0.061898828,0.048197314,9.904960632,0.000444292,-0.000157904,0.000026559
3.578000,-0.076271698,0.052988268,9.904960632,0.000444292,0.000907360,0.000026559
3.617000,-0.076271698,0.048197314,9.904960632,0.000443725,-0.000151536,-0.001036836
3.637000,-0.052316912,0.052988268,9.900169373,0.000442083,-0.000148966,-0.001035819
3.657000,-0.061898828,0.048197314,9.904960632,0.000435729,-0.000143718,0.000032430
3.678000,-0.090644568,0.048197314,9.919333458,0.000435729,-0.000143718,0.000032430
3.697000,-0.081062660,0.048197314,9.895379066,-0.000639006,-0.000137074,0.000038772
3.719000,-0.061898828,0.052988268,9.909751892,-0.000639006,-0.000137074,0.000038772
3.740000,-0.052316912,0.067361146,9.904960632,0.000407250,-0.000125735,0.000053135
3.777000,-0.081062660,0.029033486,9.909751892,-0.000666156,0.000943720,0.000058575
3.799000,-0.095435530,0.043406360,9.895379066,0.000389909,-0.000117355,0.000063976
3.839000,-0.057107870,0.043406360,9.919333458,0.000370110,-0.000110393,0.000073367
3.858000,-0.105017439,0.057779230,9.871423721,0.000370110,-0.000110393,0.000073367
3.879000,-0.095435530,0.062570184,9.933706284,0.000350020,-0.000106305,0.001146584
3.920000,-0.042734999,0.043406360,9.919333458,0.000318213,0.000960861,0.000092139
3.958000,-0.105017439,0.038615398,9.924124718,0.000306875,0.000960513,0.000096047
3.979000,-0.066689789,0.048197314,9.890587807,-0.000782002,-0.000108421,0.000105200
4.019000,-0.061898828,0.038615398,9.900169373,0.000271125,-0.000111969,0.000110629
4.040000,-0.081062660,0.048197314,9.909751892,0.000259354,-0.000116246,0.000116655
4.059000,-0.090644568,0.057779230,9.904960632,0.000248212,-0.000120766,0.000123094
4.079000,-0.071480744,0.052988268,9.900169373,-0.000837231,-0.000129536,-0.000928672
4.100000,-0.057107870,0.052988268,9.904960632,0.000219210,-0.000133240,0.000143548
4.139000,-0.081062660,0.052988268,9.914543152,0.000211579,-0.000136263,-0.000914577
4.159000,-0.090644568,0.067361146,9.900169373,-0.000865118,-0.000140534,0.000164407
4.181000,-0.076271698,0.052988268,9.909751892,-0.000868557,-0.000141908,-0.000894554
4.201000,-0.057107870,0.038615398,9.895379066,-0.000868557,-0.000141908,-0.000894554
4.221000,-0.066689789,0.038615398,9.904960632,-0.000869356,-0.000143433,0.000182800
4.260000,-0.081062660,0.067361146,9.904960632,0.000202043,-0.000144419,0.000195003
4.283000,-0.076271698,0.048197314,9.900169373,-0.000858158,-0.000145123,0.000200974
4.322000,-0.057107870,0.043406360,9.904960632,0.000219577,0.000920234,0.000212322
4.360000,-0.076271698,0.057779230,9.900169373,0.000234021,-0.000142672,0.000221829
4.381000,-0.100226484,0.048197314,9.914543152,0.000241535,0.000923882,-0.000839739
4.400000,-0.066689789,0.038615398,9.909751892,0.000249263,-0.000140260,-0.000836362
4.421000,-0.047525957,0.048197314,9.904960632,0.000257059,-0.000139602,0.000232115
4.443000,-0.076271698,0.057779230,9.904960632,0.000264798,-0.000139343,-0.000830118
4.481000,-0.076271698,0.057779230,9.919333458,0.000279715,-0.000138015,0.000241199
4.501000,-0.057107870,0.043406360,9.881006241,0.000286589,-0.000136463,0.000244127
4.521000,-0.066689789,0.052988268,9.919333458,0.000292668,-0.000134422,0.000246746
4.543000,-0.081062660,0.057779230,9.904960632,0.000297840,0.000933262,0.000249067
4.582000,-0.076271698,0.052988268,9.919333458,0.000305752,-0.000127142,0.000252878
4.603000,-0.071480744,0.052988268,9.895379066,-0.000756779,0.000940048,0.000254250
4.642000,-0.052316912,0.052988268,9.909751892,0.000311677,-0.000123126,0.000254788
4.663000,-0.085853614,0.062570184,9.904960632,0.000312931,-0.000123249,0.000253583
4.702000,-0.061898828,0.043406360,9.900169373,-0.000751494,-0.000124034,0.000251372
4.723000,-0.066689789,0.043406360,9.904960632,-0.000751478,-0.000125362,0.000248197
4.763000,-0.076271698,0.052988268,9.909751892,-0.000754063,-0.000131583,0.000232736
4.784000,-0.076271698,0.062570184,9.904960632,-0.000754063,-0.000131583,0.000232736
4.804000,-0.081062660,0.048197314,9.904960632,0.000309919,-0.000136765,0.000219476
4.824000,-0.090644568,0.024242528,9.904960632,0.000310008,-0.000139468,0.000212975
4.845000,-0.066689789,0.048197314,9.904960632,-0.000754734,0.000923238,0.000206917
4.865000,-0.028362129,0.096106887,9.895379066,0.000311404,-0.000144270,0.000201316
4.885000,-0.052316912,0.052988268,9.904960632,0.000311404,-0.000144270,0.000201316
4.925000,-0.081062660,0.043406360,9.909751892,0.000315487,-0.000149082,0.000187136
4.963000,-0.061898828,0.067361146,9.914543152,0.000319035,-0.000147860,0.000178170
4.984000,-0.061898828,0.033824444,9.900169373,0.000321394,-0.000146070,-0.000892137
5.004000,-0.085853614,0.009869657,9.909751892,0.000324266,-0.000143691,0.000167788
5.044000,-0.071480744,0.081734017,9.904960632,0.000327527,-0.000140855,0.001227848
5.066000,-0.052316912,0.043406360,9.904960632,0.000334942,0.000931163,0.000152483
5.086000,-0.061898828,0.029033486,9.900169373,-0.000725913,-0.000130094,0.000147249
5.126000,-0.081062660,0.062570184,9.904960632,-0.000715056,0.000943551,0.000136729
5.145000,-0.066689789,0.067361146,9.904960632,-0.000715056,0.000943551,0.000136729
5.166000,-0.066689789,0.043406360,9.900169373,0.000356280,-0.000117341,0.000131595
5.186000,-0.066689789,0.038615398,9.900169373,0.000368398,-0.000109076,0.000121868
5.206000,-0.061898828,0.057779230,9.900169373,0.000368398,-0.000109076,0.000121868
5.226000,-0.081062660,0.057779230,9.914543152,0.000379051,-0.000102020,0.000113107
5.246000,-0.081062660,0.048197314,9.895379066,0.000379051,-0.000102020,0.000113107
5.267000,-0.061898828,0.048197314,9.904960632,0.000382627,-0.000098952,0.000109148
5.286000,-0.061898828,0.057779230,9.900169373,0.000384925,-0.000093709,0.000102130
5.307000,-0.071480744,0.057779230,9.904960632,0.000384925,-0.000093709,0.000102130
5.346000,-0.076271698,0.043406360,9.914543152,0.000381365,-0.000089584,0.000095571
5.367000,-0.071480744,0.052988268,9.900169373,0.000377948,0.000977358,0.000092001
5.406000,-0.081062660,0.043406360,9.900169373,0.000368741,-0.000085233,0.000084538
5.427000,-0.081062660,0.043406360,9.904960632,0.000362885,-0.000084359,0.000080628
5.466000,-0.095435530,0.091315925,9.943288803,0.001414836,0.000980745,0.000071650
5.486000,-0.071480744,0.019451573,9.948079109,0.001407427,0.000979616,0.000066686
5.506000,-0.018780213,-0.047621828,9.876214981,-0.000731631,-0.000087818,-0.001003699
5.526000,-0.057107870,0.072152101,9.895379066,-0.000741440,-0.000091291,0.000056386
5.546000,-0.114599362,0.163180292,9.890587807,0.000313392,0.000969304,0.001116499
5.568000,-0.100226484,0.052988268,9.914543152,0.000303054,-0.000101714,0.000046181
5.608000,-0.061898828,0.033824444,9.895379066,0.000272791,-0.000124379,0.000032859
5.649000,-0.095435530,0.067361146,9.900169373,0.000253094,-0.000140259,-0.001037771
5.687000,-0.042734999,0.048197314,9.900169373,0.000243242,-0.000147901,0.000026433
5.728000,-0.109808400,0.033824444,9.909751892,-0.000851380,-0.000168964,0.000033463
5.748000,-0.047525957,0.067361146,9.909751892,-0.000860519,-0.000175703,0.000038832
5.768000,-0.028362129,0.076943055,9.900169373,-0.000860519,-0.000175703,0.000038832
5.788000,-0.061898828,0.048197314,9.900169373,0.000196596,-0.000182502,0.000045231
5.808000,-0.090644568,0.019451573,9.924124718,0.000196596,-0.000182502,0.000045231
5.830000,-0.105017439,0.038615398,9.876214981,0.000178676,-0.000202266,0.000068151
5.849000,-0.066689789,0.081734017,9.943288803,-0.000891003,-0.000208398,0.000076368
5.870000,-0.052316912,0.086524971,9.876214981,-0.000891003,-0.000208398,0.000076368
5.890000,-0.085853614,0.029033486,9.914543152,0.000170662,-0.000214061,0.000084607
5.930000,-0.076271698,0.076943055,9.909751892,-0.000898645,-0.000222947,-0.000964424
5.950000,-0.071480744,0.086524971,9.900169373,0.000167135,0.000836456,0.000118231
5.990000,-0.061898828,0.009869657,9.909751892,-0.000890729,-0.000233516,0.000137565
6.010000,-0.066689789,0.052988268,9.904960632,-0.000890729,-0.000233516,0.000137565
6.050000,-0.095435530,0.072152101,9.904960632,-0.000866005,0.000828397,0.000165371
6.070000,-0.066689789,0.024242528,9.914543152,-0.000866005,0.000828397,0.000165371
6.091000,-0.057107870,0.038615398,9.890587807,0.000220332,0.000829375,0.000181970
6.111000,-0.071480744,0.072152101,9.904960632,0.000232187,-0.000235114,0.000189376
6.151000,-0.076271698,0.029033486,9.895379066,0.000256735,-0.000234336,0.000201493
6.170000,-0.071480744,0.038615398,9.904960632,0.000256735,-0.000234336,0.000201493
6.191000,-0.057107870,0.062570184,9.909751892,-0.000784456,-0.000233331,-0.000857147
6.210000,-0.061898828,0.052988268,9.900169373,-0.000784456,-0.000233331,-0.000857147
6.231000,-0.076271698,0.033824444,9.904960632,0.000292919,-0.000232517,-0.000856600
6.250000,-0.085853614,0.057779230,9.909751892,0.000318298,-0.000229738,0.000206662
6.271000,-0.076271698,0.057779230,9.900169373,0.000318298,-0.000229738,0.000206662
6.312000,-0.061898828,0.048197314,9.900169373,0.000354898,-0.000221730,0.000201195
6.350000,-0.090644568,0.057779230,9.904960632,0.000365941,-0.000218433,0.000199061
6.371000,-0.076271698,0.062570184,9.890587807,0.000385378,-0.000211442,0.000194635
6.391000,-0.066689789,0.052988268,9.900169373,0.000393181,-0.000207889,0.000192421
6.410000,-0.052316912,0.043406360,9.904960632,-0.000665688,0.000860891,0.000190097
6.433000,-0.081062660,0.048197314,9.904960632,0.000404697,-0.000201091,0.000187250
6.453000,-0.081062660,0.048197314,9.900169373,0.000408526,-0.000198209,0.000183546
6.492000,-0.066689789,0.062570184,9.904960632,0.000412046,-0.000192368,0.000173879
6.512000,-0.066689789,0.048197314,9.904960632,0.000412278,-0.000189363,0.000168290
6.552000,-0.095435530,0.048197314,9.909751892,-0.000655263,-0.000184007,0.000156371
6.572000,-0.066689789,0.067361146,9.900169373,0.000407667,0.000883758,0.000150286
6.593000,-0.037944041,0.057779230,9.909751892,0.000404593,-0.000178945,0.000144249
6.632000,-0.100226484,0.043406360,9.904960632,0.000396000,0.000891599,0.000132625
6.652000,-0.081062660,0.081734017,9.900169373,-0.000674097,-0.000170891,0.000127154
6.673000,-0.066689789,0.062570184,9.900169373,0.000386546,-0.000168409,-0.000943297
6.712000,-0.076271698,0.038615398,9.909751892,0.000378346,-0.000164703,0.000113138
6.733000,-0.081062660,0.072152101,9.904960632,0.000374473,-0.000163398,0.000109293
6.752000,-0.081062660,0.076943055,9.895379066,-0.000694673,-0.001227672,-0.000959999
6.773000,-0.061898828,0.043406360,9.900169373,-0.000698661,-0.000161541,-0.000964124
6.794000,-0.052316912,0.029033486,9.900169373,-0.000702373,-0.000160482,0.000097454
6.834000,-0.076271698,0.067361146,9.904960632,0.000357940,-0.000157533,0.000092788
6.854000,-0.076271698,0.062570184,9.909751892,-0.000708157,-0.000155772,0.000091732
6.874000,-0.071480744,0.038615398,9.900169373,-0.000708157,-0.000155772,0.000091732
6.915000,-0.076271698,0.062570184,9.900169373,0.000362660,-0.000149965,0.000092301
6.954000,-0.076271698,0.057779230,9.904960632,-0.000698027,-0.000147833,0.000093409
6.974000,-0.071480744,0.043406360,9.904960632,0.000372844,-0.000145297,0.000094834
6.995000,-0.057107870,0.048197314,9.909751892,0.000379386,0.000922958,0.000096503
7.015000,-0.061898828,0.052988268,9.914543152,-0.000678646,-0.000138976,0.000098354
7.056000,-0.090644568,0.048197314,9.900169373,0.000410190,-0.000127921,0.000104467
7.094000,-0.071480744,0.067361146,9.904960632,0.000426186,-0.000120258,0.000108602
7.114000,-0.076271698,0.048197314,9.900169373,0.000426186,-0.000120258,0.000108602
7.136000,-0.090644568,0.033824444,9.909751892,-0.000624050,-0.000111444,0.000112518
7.175000,-0.052316912,0.062570184,9.914543152,0.000448094,-0.000106449,0.000114347
7.195000,-0.057107870,0.048197314,9.900169373,0.000454462,-0.000100881,0.000116073
7.236000,-0.085853614,0.048197314,9.890587807,0.000464890,-0.000088268,-0.000946818
7.276000,-0.076271698,0.062570184,9.900169373,0.000472745,-0.000068288,0.000119629
7.316000,-0.061898828,0.038615398,9.900169373,0.000472932,-0.000058547,0.000119845
7.336000,-0.071480744,0.052988268,9.909751892,0.000470502,-0.000055363,0.000119268
7.357000,-0.081062660,0.057779230,9.895379066,0.000470502,-0.000055363,0.000119268
7.377000,-0.076271698,0.057779230,9.909751892,-0.000599131,-0.000053127,0.000118293
7.416000,-0.066689789,0.043406360,9.900169373,0.000444904,-0.000050937,0.000114466
7.436000,-0.076271698,0.057779230,9.904960632,0.000444904,-0.000050937,0.000114466
7.456000,-0.081062660,0.062570184,9.904960632,0.000436815,-0.000051359,0.000113703
7.476000,-0.071480744,0.048197314,9.909751892,-0.000645298,-0.000053385,0.000113114
7.497000,-0.071480744,0.033824444,9.900169373,-0.000645298,-0.000053385,0.000113114
7.518000,-0.076271698,0.048197314,9.909751892,-0.000661246,-0.000055901,0.000113478
7.557000,-0.076271698,0.052988268,9.904960632,0.000397001,-0.000057192,0.000113920
7.579000,-0.066689789,0.043406360,9.900169373,0.000385460,-0.000060305,0.000115316
7.617000,-0.071480744,0.057779230,9.900169373,0.000376675,-0.000063807,0.000118543
7.637000,-0.085853614,0.062570184,9.900169373,0.000376675,-0.000063807,0.000118543
7.657000,-0.095435530,0.048197314,9.914543152,-0.000695080,-0.000067550,0.000123549
7.677000,-0.085853614,0.057779230,9.900169373,-0.000695080,-0.000067550,0.000123549
7.698000,-0.071480744,0.052988268,9.895379066,-0.000697675,-0.000069894,-0.000938800
7.717000,-0.061898828,0.052988268,9.900169373,0.000365645,0.000992569,0.000129693
7.737000,-0.061898828,0.052988268,9.914543152,0.000364865,-0.000079961,0.000137588
7.757000,-0.076271698,0.052988268,9.904960632,0.000364865,-0.000079961,0.000137588
7.778000,-0.071480744,0.052988268,9.900169373,-0.000698448,-0.000089560,0.000145374
7.798000,-0.071480744,0.052988268,9.904960632,-0.000698448,-0.000089560,0.000145374
7.819000,-0.061898828,0.048197314,9.900169373,0.000369936,-0.000098982,0.000150573
7.857000,-0.090644568,0.052988268,9.904960632,0.000372250,-0.000103215,0.000152092
7.879000,-0.076271698,0.062570184,9.904960632,0.000374967,-0.000107116,0.000153014
7.919000,-0.071480744,0.043406360,9.904960632,-0.000684806,-0.000113914,-0.000912024
7.939000,-0.061898828,0.033824444,9.900169373,0.000384008,-0.000119418,0.000150620
7.958000,-0.066689789,0.052988268,9.904960632,0.000384008,-0.000119418,0.000150620
7.979000,-0.076271698,0.062570184,9.904960632,0.000385068,-0.000121712,-0.000916497
7.998000,-0.076271698,0.057779230,9.900169373,-0.000679384,-0.000125463,0.000145823
8.019000,-0.061898828,0.043406360,9.909751892,-0.000679384,-0.000125463,0.000145823
8.059000,-0.081062660,0.062570184,9.904960632,0.000384786,0.000937787,0.000144931
8.100000,-0.081062660,0.062570184,9.904960632,0.000382377,-0.000126535,0.000145867
8.139000,-0.071480744,0.038615398,9.900169373,0.000382197,-0.000126680,0.000146374
8.160000,-0.066689789,0.043406360,9.904960632,0.000383000,-0.000128532,0.000148129
8.199000,-0.076271698,0.057779230,9.904960632,0.000383993,-0.000129595,0.000149274
8.220000,-0.071480744,0.052988268,9.900169373,-0.000680237,-0.000130993,0.000151143
8.241000,-0.066689789,0.048197314,9.904960632,-0.000680237,-0.000130993,0.000151143
8.280000,-0.081062660,0.057779230,9.900169373,0.000384288,-0.000130219,0.000151349
8.301000,-0.085853614,0.062570184,9.900169373,0.000383446,-0.000127296,0.000150248
8.321000,-0.066689789,0.048197314,9.895379066,0.000383446,-0.000127296,0.000150248
8.361000,-0.081062660,0.062570184,9.909751892,0.000382590,-0.000125285,0.000149352
8.400000,-0.061898828,0.043406360,9.900169373,-0.000685659,-0.000118026,0.000145833
8.421000,-0.052316912,0.043406360,9.904960632,0.000380274,-0.000112786,0.000143158
8.441000,-0.066689789,0.043406360,9.900169373,0.000380274,-0.000112786,0.000143158
8.461000,-0.081062660,0.062570184,9.904960632,-0.000681251,-0.000107655,0.000139728
8.481000,-0.095435530,0.072152101,9.900169373,-0.000681251,-0.000107655,0.000139728
8.502000,-0.085853614,0.062570184,9.900169373,-0.000675686,-0.000102871,0.000133827
8.522000,-0.066689789,0.043406360,9.904960632,-0.000675686,-0.000102871,0.000133827
8.543000,-0.052316912,0.043406360,9.900169373,0.000392783,-0.000100658,0.000129703
8.582000,-0.090644568,0.052988268,9.900169373,0.000398883,0.000968614,0.000119856
8.602000,-0.071480744,0.048197314,9.900169373,0.000398883,0.000968614,0.000119856
8.642000,-0.066689789,0.057779230,9.909751892,0.000403602,-0.000089913,0.000102497
8.662000,-0.076271698,0.052988268,9.900169373,0.000403047,-0.000084045,0.000088830
8.683000,-0.071480744,0.048197314,9.895379066,0.000403047,-0.000084045,0.000088830
8.704000,-0.071480744,0.062570184,9.919333458,0.000401085,0.000987525,0.000074548
8.742000,-0.090644568,0.057779230,9.904960632,0.000398780,-0.000072201,0.000060590
8.762000,-0.071480744,0.052988268,9.904960632,0.000398780,-0.000072201,0.000060590
8.783000,-0.061898828,0.043406360,9.904960632,0.000397571,-0.000070275,0.000053943
8.824000,-0.071480744,0.048197314,9.900169373,0.000395151,-0.000067944,0.000041595
8.862000,-0.066689789,0.043406360,9.904960632,-0.000672425,-0.000067223,0.000030736
8.884000,-0.076271698,0.052988268,9.904960632,0.000391905,-0.000067325,0.000025911
8.904000,-0.100226484,0.062570184,9.904960632,-0.000673953,-0.000067670,0.000021495
8.925000,-0.081062660,0.052988268,9.900169373,0.000390854,-0.000068211,0.000017487
8.965000,-0.066689789,0.048197314,9.900169373,0.000388241,-0.000070644,0.000007803
8.984000,-0.061898828,0.043406360,9.914543152,0.000388241,-0.000070644,0.000007803
9.005000,-0.061898828,0.052988268,9.909751892,-0.000679526,-0.000072630,0.000003129
9.025000,-0.066689789,0.048197314,9.900169373,-0.000681364,-0.000073659,0.000001265
9.064000,-0.081062660,0.057779230,9.900169373,0.000380082,-0.000075703,-0.000001633
9.106000,-0.066689789,0.057779230,9.900169373,0.000378615,0.000988574,-0.000002713
9.147000,-0.076271698,0.048197314,9.904960632,-0.000690070,-0.000079398,-0.000004600
9.186000,-0.071480744,0.038615398,9.904960632,0.000372074,-0.000080939,-0.000003487
9.205000,-0.061898828,0.048197314,9.909751892,0.000370749,-0.000081623,-0.000002088
9.227000,-0.061898828,0.057779230,9.895379066,-0.000695439,-0.000082093,-0.000000270
9.265000,-0.095435530,0.062570184,9.900169373,0.000368970,-0.000081480,0.000004254
9.285000,-0.081062660,0.043406360,9.900169373,0.000368948,-0.000080426,0.000006802
9.307000,-0.052316912,0.043406360,9.900169373,0.000369139,-0.000078996,0.000009454
9.327000,-0.061898828,0.052988268,9.909751892,0.000369507,0.000987991,0.000012153
9.350000,-0.066689789,0.048197314,9.900169373,0.000369864,-0.000075483,0.000014854
9.386000,-0.076271698,0.057779230,9.900169373,0.000369743,0.000991292,0.000017515
9.426000,-0.076271698,0.052988268,9.904960632,0.000366771,-0.000072865,0.000022602
9.446000,-0.076271698,0.062570184,9.900169373,-0.000701612,-0.000073528,0.000024980
9.467000,-0.076271698,0.052988268,9.909751892,-0.000710626,-0.000076755,0.000029330
9.506000,-0.066689789,0.052988268,9.900169373,0.000349769,-0.000079074,0.000031283
9.527000,-0.066689789,0.052988268,9.900169373,0.000345411,-0.000081720,0.000033082
9.567000,-0.081062660,0.048197314,9.900169373,0.000333410,-0.000090766,0.000037555
9.586000,-0.071480744,0.057779230,9.904960632,0.000333410,-0.000090766,0.000037555
9.606000,-0.066689789,0.062570184,9.904960632,0.000328713,-0.000093918,0.000038750
9.627000,-0.076271698,0.048197314,9.900169373,-0.000746700,-0.000099371,0.000040731
9.647000,-0.085853614,0.043406360,9.909751892,-0.000746700,-0.000099371,0.000040731
9.667000,-0.081062660,0.057779230,9.900169373,0.000308863,-0.000102575,0.000041476
9.688000,-0.061898828,0.057779230,9.904960632,0.000308863,-0.000102575,0.000041476
9.728000,-0.081062660,0.057779230,9.904960632,0.000297328,-0.000104022,0.000038498
9.749000,-0.076271698,0.038615398,9.900169373,0.000297328,-0.000104022,0.000038498
9.768000,-0.057107870,0.043406360,9.909751892,0.000294293,0.000961415,0.000036738
9.789000,-0.066689789,0.067361146,9.900169373,0.000288367,-0.000103566,0.000032402
9.808000,-0.090644568,0.057779230,9.904960632,-0.000779865,-0.000103898,0.000029517
9.828000,-0.081062660,0.057779230,9.904960632,-0.000782627,-0.000104523,0.000026058
9.849000,-0.066689789,0.057779230,9.900169373,-0.000782627,-0.000104523,0.000026058
9.868000,-0.047525957,0.043406360,9.904960632,-0.000784714,-0.000105229,0.000022170
9.889000,-0.066689789,0.038615398,9.904960632,0.000279674,-0.000105685,0.000017977
9.929000,-0.081062660,0.062570184,9.900169373,-0.000782971,-0.000104803,0.000009105
9.949000,-0.081062660,0.052988268,9.904960632,0.000290224,0.000964239,0.000000147
9.969000,-0.066689789,0.062570184,9.900169373,0.000290224,0.000964239,0.000000147
10.008000,-0.061898828,0.048197314,9.900169373,-0.000763162,-0.000096027,-0.000008396
10.050000,-0.085853614,0.048197314,9.900169373,-0.000742048,-0.000090066,-0.000019756
10.089000,-0.052316912,0.043406360,9.904960632,0.000331689,-0.000088525,-0.000023066
10.110000,-0.090644568,0.038615398,9.904960632,0.000341226,0.000978076,-0.000026120
10.149000,-0.033153087,0.110479757,9.890587807,0.000374869,-0.000086091,-0.000033590
10.170000,-0.023571171,0.110479757,9.895379066,0.000374869,-0.000086091,-0.000033590
10.210000,-0.100226484,-0.009294171,9.919333458,-0.000665527,-0.000088228,-0.000035759
10.231000,-0.057107870,0.086524971,9.900169373,-0.000653538,-0.000089886,-0.000035841
10.270000,-0.076271698,0.033824444,9.900169373,-0.000641905,0.000973442,-0.000035391
10.291000,-0.066689789,0.019451573,9.909751892,-0.000618948,-0.000096247,-0.000033261
10.311000,-0.071480744,0.057779230,9.900169373,-0.000618948,-0.000096247,-0.000033261
10.350000,-0.090644568,0.052988268,9.904960632,0.000481947,-0.000103421,-0.000026286
10.371000,-0.076271698,0.014660615,9.900169373,0.000493737,-0.000105785,-0.001088058
10.411000,-0.052316912,0.076943055,9.900169373,-0.000551536,0.000954971,-0.000014056
10.431000,-0.081062660,0.052988268,9.900169373,0.000521591,-0.000112550,-0.000008671
10.451000,-0.081062660,0.024242528,9.904960632,0.000521591,-0.000112550,-0.000008671
10.471000,-0.057107870,0.043406360,9.900169373,0.000537475,-0.000121155,0.000009737
10.492000,-0.066689789,0.081734017,9.895379066,0.000537475,-0.000121155,0.000009737
10.532000,-0.095435530,0.043406360,9.900169373,-0.000527712,-0.000128455,0.000028765
10.571000,-0.052316912,0.072152101,9.895379066,-0.000535635,-0.000131559,0.000040594
10.592000,-0.052316912,0.057779230,9.900169373,-0.000535635,-0.000131559,0.000040594
10.631000,-0.100226484,0.043406360,9.909751892,0.000517753,-0.000133384,0.000051247
10.651000,-0.085853614,0.067361146,9.904960632,-0.000554235,-0.000133436,0.000056061
10.673000,-0.061898828,0.076943055,9.904960632,0.000495841,-0.000131550,0.000063857
10.713000,-0.066689789,0.033824444,9.904960632,-0.000577634,-0.000129848,0.000066477
10.754000,-0.081062660,0.072152101,9.900169373,-0.000602712,-0.000122882,0.000070101
10.794000,-0.066689789,0.043406360,9.904960632,-0.000618602,-0.000116714,0.000069890
10.833000,-0.071480744,0.062570184,9.909751892,-0.000626046,-0.000112851,0.000069233
10.852000,-0.085853614,0.048197314,9.904960632,0.000432333,-0.000108600,0.000068299
10.874000,-0.071480744,0.043406360,9.904960632,0.000421289,-0.000099420,0.000065669
10.894000,-0.061898828,0.043406360,9.904960632,0.000421289,-0.000099420,0.000065669
10.933000,-0.076271698,0.052988268,9.904960632,0.000411178,-0.000084605,0.000057942
10.953000,-0.081062660,0.052988268,9.900169373,0.000411178,-0.000084605,0.000057942
10.973000,-0.071480744,0.052988268,9.904960632,-0.000657323,-0.000073187,0.000050882
10.993000,-0.066689789,0.062570184,9.895379066,-0.000657323,-0.000073187,0.000050882
11.013000,-0.085853614,0.057779230,9.900169373,0.000407764,0.000998012,0.000047094
11.035000,-0.076271698,0.048197314,9.904960632,-0.000656304,-0.000061464,0.000043239
11.055000,-0.066689789,0.048197314,9.900169373,0.000414806,-0.000051579,0.000035593
11.094000,-0.071480744,0.057779230,9.900169373,-0.000646705,-0.000047588,0.000031901
11.114000,-0.057107870,0.048197314,9.900169373,-0.000642839,-0.000044174,-0.001036916
11.135000,-0.066689789,0.048197314,9.904960632,-0.000638778,-0.000041293,0.000025116
11.174000,-0.076271698,0.057779230,9.909751892,0.000436607,-0.000036948,0.000020615
11.195000,-0.076271698,0.057779230,9.904960632,0.000442904,-0.000035397,0.000019348
11.236000,-0.090644568,0.062570184,9.904960632,0.000456892,-0.000033322,0.000018361
11.276000,-0.057107870,0.048197314,9.904960632,-0.000595760,-0.000032360,0.000019106
11.315000,-0.071480744,0.038615398,9.904960632,-0.000586829,-0.000032227,0.000022457
11.356000,-0.076271698,0.057779230,9.904960632,-0.000581234,-0.000032682,0.000028125
11.395000,-0.057107870,0.038615398,9.914543152,0.000486299,-0.000033527,0.000035119
11.415000,-0.066689789,0.048197314,9.904960632,-0.000578533,-0.000034043,0.000038866
11.436000,-0.100226484,0.067361146,9.904960632,0.000486832,-0.000034600,0.000042674
11.475000,-0.066689789,0.043406360,9.909751892,0.000486654,-0.000035182,0.000046476
11.495000,-0.042734999,0.033824444,9.904960632,-0.000579023,-0.000036373,0.000053862
11.517000,-0.071480744,0.062570184,9.904960632,-0.000579701,-0.000037385,0.000060698
11.537000,-0.085853614,0.057779230,9.904960632,-0.000580317,-0.000037351,0.000063844
11.557000,-0.076271698,0.033824444,9.895379066,-0.000580317,-0.000037351,0.000063844
11.577000,-0.066689789,0.057779230,9.924124718,-0.000581177,-0.000035623,0.000069520
11.597000,-0.066689789,0.067361146,9.895379066,-0.000581177,-0.000035623,0.000069520
11.636000,-0.061898828,0.033824444,9.904960632,-0.000580468,-0.000030940,0.000074329
11.657000,-0.076271698,0.057779230,9.904960632,0.000486696,-0.001089030,0.000078275
11.677000,-0.109808400,0.076943055,9.895379066,0.000486696,-0.001089030,0.000078275
11.698000,-0.090644568,0.057779230,9.904960632,0.000487946,-0.000019453,0.000079940
11.737000,-0.057107870,0.057779230,9.900169373,-0.000575932,-0.001079746,0.000081411
11.776000,-0.090644568,0.052988268,9.900169373,-0.000570466,0.000004254,0.000084608
11.797000,-0.042734999,0.014660615,9.904960632,0.000498041,0.000011841,-0.000980441
11.817000,-0.047525957,0.033824444,9.909751892,-0.000558407,0.000028153,0.000084172
11.837000,-0.076271698,0.062570184,9.900169373,-0.000558407,0.000028153,0.000084172
11.877000,-0.071480744,0.038615398,9.904960632,0.000516938,0.000044864,0.000083640
11.897000,-0.100226484,0.067361146,9.904960632,0.000516938,0.000044864,0.000083640
11.917000,-0.114599362,0.081734017,9.900169373,-0.000537175,0.000060970,0.000083351
11.958000,-0.047525957,0.033824444,9.904960632,0.000538940,0.000075799,0.000083245
11.979000,-0.057107870,0.043406360,9.900169373,0.000543879,0.000082600,0.000083246
12.018000,-0.066689789,0.057779230,9.890587807,0.000552699,0.000094828,0.000083327
12.040000,-0.061898828,0.019451573,9.943288803,0.000559334,0.000105147,-0.000981781
12.079000,-0.071480744,0.072152101,9.914543152,-0.000504178,0.000109594,0.000083733
12.119000,-0.090644568,0.052988268,9.928915977,0.000561014,0.000116386,0.000085633
12.160000,-0.071480744,0.067361146,9.904960632,-0.000509866,0.000120149,0.000089541
12.180000,-0.057107870,0.067361146,9.895379066,-0.000509866,0.000120149,0.000089541
12.201000,-0.071480744,0.043406360,9.904960632,0.000548549,0.001184041,0.000091024
12.239000,-0.052316912,0.038615398,9.904960632,-0.000520205,0.000116560,0.000091472
12.259000,-0.057107870,0.052988268,9.900169373,-0.000520205,0.000116560,0.000091472
12.281000,-0.081062660,0.052988268,9.900169373,-0.000527650,0.000107959,0.000091900
12.321000,-0.076271698,0.052988268,9.904960632,0.000528877,0.000094093,0.000091692
12.341000,-0.085853614,0.076943055,9.900169373,0.000528877,0.000094093,0.000091692
12.380000,-0.071480744,0.038615398,9.895379066,0.000514175,0.000068093,0.000087827
12.400000,-0.047525957,0.043406360,9.904960632,0.000514175,0.000068093,0.000087827
12.420000,-0.071480744,0.062570184,9.876214981,0.000503325,0.000049768,0.000083993
12.440000,-0.090644568,0.052988268,9.948079109,0.000493604,0.000031878,-0.000984024
12.462000,-0.066689789,0.038615398,9.876214981,0.000493604,0.000031878,-0.000984024
12.482000,-0.066689789,0.043406360,9.924124718,-0.000576457,0.000022893,0.000080417
12.502000,-0.066689789,0.048197314,9.871423721,0.000479081,0.000004768,0.000080816
12.523000,-0.052316912,0.057779230,9.914543152,0.000479081,0.000004768,0.000080816
12.542000,-0.052316912,0.033824444,9.914543152,0.000474755,-0.000004101,0.000081961
12.563000,-0.105017439,0.062570184,9.900169373,-0.000594217,-0.000012701,0.000083582
12.603000,-0.071480744,0.067361146,9.895379066,0.000464245,-0.000036163,0.000088508
12.643000,-0.066689789,0.019451573,9.914543152,0.000461192,-0.000049426,0.000090650
12.682000,-0.061898828,0.062570184,9.909751892,-0.000608835,-0.000060618,0.000093451
12.702000,-0.057107870,0.052988268,9.900169373,0.000452750,-0.000065443,0.000095253
12.723000,-0.076271698,0.033824444,9.904960632,-0.000616747,-0.000069614,0.000097232
12.743000,-0.071480744,0.038615398,9.900169373,0.000444184,-0.000072871,0.000099332
12.784000,-0.100226484,0.081734017,9.895379066,-0.000629605,-0.000076608,0.000103699
12.824000,-0.061898828,0.048197314,9.900169373,-0.000634293,-0.000077329,0.000105887
12.863000,-0.076271698,0.048197314,9.900169373,0.000418876,-0.000076907,0.000112125
12.884000,-0.095435530,0.057779230,9.904960632,0.000415463,0.000988453,0.000113875
12.922000,-0.052316912,0.038615398,9.895379066,0.000411682,-0.000077005,0.000115079
12.943000,-0.061898828,0.052988268,9.904960632,0.000407493,-0.000077749,0.000115657
12.964000,-0.071480744,0.052988268,9.904960632,0.000403023,-0.000078941,0.000115699
13.005000,-0.105017439,0.062570184,9.904960632,-0.000677055,-0.000084127,-0.000953653
13.044000,-0.057107870,0.048197314,9.909751892,0.000377190,-0.000089095,0.000106382
13.065000,-0.057107870,0.043406360,9.895379066,0.000371962,-0.000091823,0.000104386
13.104000,-0.076271698,0.052988268,9.895379066,0.000366673,-0.000094627,-0.000962211
13.125000,-0.042734999,0.029033486,9.895379066,0.000366673,-0.000094627,-0.000962211
13.163000,-0.076271698,0.067361146,9.909751892,0.000348577,-0.000103166,0.001168030
13.185000,-0.100226484,0.072152101,9.900169373,-0.000730382,-0.000110061,0.000104219
13.206000,-0.090644568,0.048197314,9.904960632,-0.000730382,-0.000110061,0.000104219
13.246000,-0.076271698,0.057779230,9.909751892,-0.000744022,-0.000118090,0.000104361
13.266000,-0.052316912,0.057779230,9.904960632,0.000315145,-0.000122283,0.000104012
13.286000,-0.066689789,0.057779230,9.904960632,0.000309796,-0.000126489,0.000103447
13.306000,-0.081062660,0.048197314,9.900169373,0.000301006,0.000930560,0.000101842
13.346000,-0.061898828,0.043406360,9.900169373,0.000292370,-0.000142942,0.000099836
13.365000,-0.047525957,0.052988268,9.900169373,0.000287446,-0.000146986,0.000098756
13.386000,-0.066689789,0.048197314,9.900169373,0.000287446,-0.000146986,0.000098756
13.406000,-0.085853614,0.043406360,9.904960632,0.000282248,-0.000150712,0.000097655
13.445000,-0.109808400,0.086524971,9.904960632,0.000271492,-0.000156462,0.000095468
13.465000,-0.066689789,0.062570184,9.904960632,-0.000799142,-0.000158140,-0.000970853
13.487000,-0.042734999,0.033824444,9.900169373,-0.000804251,-0.000158954,-0.000971719
13.527000,-0.095435530,0.052988268,9.904960632,0.000256656,0.000906539,0.000093315
13.567000,-0.047525957,0.043406360,9.904960632,0.000245787,-0.000151156,0.000102305
13.587000,-0.052316912,0.048197314,9.900169373,0.000245787,-0.000151156,0.000102305
13.627000,-0.076271698,0.052988268,9.904960632,-0.000822406,-0.000146857,0.000107910
13.648000,-0.095435530,0.062570184,9.895379066,0.000242154,-0.000144802,0.000110332
13.687000,-0.081062660,0.052988268,9.900169373,0.000243244,-0.000140231,0.000113284
13.707000,-0.047525957,0.057779230,9.890587807,-0.000819908,-0.000137383,0.000113828
13.727000,-0.066689789,0.057779230,9.924124718,0.000252323,-0.000130908,0.000113489
13.747000,-0.076271698,0.043406360,9.885796547,0.000252323,-0.000130908,0.000113489
13.768000,-0.066689789,0.052988268,9.914543152,0.000256184,-0.000127455,0.000112762
13.809000,-0.071480744,0.043406360,9.904960632,0.000264718,-0.000117027,0.000109134
13.828000,-0.057107870,0.033824444,9.900169373,0.000264718,-0.000117027,0.000109134
13.867000,-0.109808400,0.086524971,9.895379066,-0.000795670,-0.000109746,0.000106032
13.888000,-0.124181271,0.086524971,9.909751892,0.000272761,-0.000105601,0.000104399
13.909000,-0.066689789,0.043406360,9.895379066,0.000272761,-0.000105601,0.000104399
13.929000,-0.028362129,0.019451573,9.904960632,-0.000783432,-0.000096703,0.000101123
13.968000,-0.085853614,0.052988268,9.914543152,-0.000770952,0.000977660,0.000098139
13.989000,-0.066689789,0.062570184,9.904960632,-0.000763442,-0.000083309,0.000097096
14.028000,-0.076271698,0.043406360,9.900169373,-0.000746756,-0.000076551,-0.000970859
14.050000,-0.071480744,0.052988268,9.924124718,0.000338074,-0.000071529,0.000089062
14.090000,-0.090644568,0.076943055,9.900169373,0.000348651,-0.000069058,0.000085956
14.129000,-0.066689789,0.029033486,9.885796547,-0.000684798,-0.000061887,0.000076166
14.170000,-0.081062660,0.072152101,9.895379066,0.000390940,-0.000059665,0.000072934
14.191000,-0.081062660,0.057779230,9.904960632,0.000410815,-0.000055577,-0.000997760
14.211000,-0.061898828,0.029033486,9.900169373,0.000410815,-0.000055577,-0.000997760
14.230000,-0.052316912,0.033824444,9.904960632,0.000427355,-0.000052025,0.000065247
14.251000,-0.071480744,0.052988268,9.914543152,0.000434294,-0.000050460,0.000065627
14.290000,-0.081062660,0.048197314,9.900169373,0.000446445,-0.000047751,0.000068745
14.311000,-0.085853614,0.057779230,9.904960632,0.000446445,-0.000047751,0.000068745
14.331000,-0.085853614,0.076943055,9.895379066,0.000451967,-0.000046601,0.000071189
14.351000,-0.057107870,0.057779230,9.900169373,-0.000604058,0.001020581,0.000077231
14.371000,-0.061898828,0.019451573,9.900169373,0.000464386,0.001021210,0.000080622
14.391000,-0.076271698,0.038615398,9.909751892,0.000466495,-0.000044123,0.000084143
14.412000,-0.076271698,0.062570184,9.904960632,0.000466495,0.001021140,0.000084143
14.451000,-0.061898828,0.048197314,9.895379066,-0.000598064,-0.000051048,0.000094822
14.491000,-0.081062660,0.043406360,9.885796547,0.000465854,-0.000055577,0.000098249
14.510000,-0.076271698,0.076943055,9.909751892,-0.000601265,-0.000060567,0.000101545
14.532000,-0.085853614,0.062570184,9.895379066,0.000458163,-0.000070928,0.000107496
14.571000,-0.071480744,0.052988268,9.904960632,0.000454344,0.000989150,-0.000955584
14.612000,-0.071480744,0.052988268,9.933706284,-0.000619486,-0.000086881,-0.000952506
14.633000,-0.071480744,0.048197314,9.876214981,-0.000627200,-0.000098722,0.000116326
14.673000,-0.052316912,0.029033486,9.890587807,0.000432176,-0.000110819,0.000121560
14.711000,-0.085853614,0.057779230,9.895379066,0.000430316,-0.001181993,0.000124604
14.734000,-0.105017439,0.052988268,9.909751892,0.000428889,-0.000127200,0.000130377
14.774000,-0.057107870,0.067361146,9.900169373,-0.000636854,-0.000134705,0.000134572
14.812000,-0.071480744,0.038615398,9.900169373,0.000428176,-0.000137447,0.000136576
14.832000,-0.081062660,0.033824444,9.904960632,0.000427950,-0.000139604,0.000138742
14.871000,-0.061898828,0.076943055,9.900169373,0.000427532,-0.000142416,0.000143496
14.892000,-0.061898828,0.048197314,9.904960632,0.000427186,-0.000143037,0.000146425
14.912000,-0.061898828,0.033824444,9.895379066,-0.000638843,-0.000142721,0.000149840
14.934000,-0.066689789,0.057779230,9.900169373,-0.000641021,-0.000138282,0.000157631
14.953000,-0.095435530,0.086524971,9.900169373,0.000423373,-0.000134024,0.000161642
14.975000,-0.119390309,0.067361146,9.904960632,0.000423373,-0.000134024,0.000161642
15.014000,-0.037944041,0.048197314,9.895379066,-0.000643848,-0.000122212,-0.000896706
15.034000,-0.052316912,0.048197314,9.895379066,-0.000647097,-0.000109051,-0.000889274
15.054000,-0.076271698,0.043406360,9.900169373,-0.000648924,-0.000102588,0.000181143
15.095000,-0.061898828,0.057779230,9.900169373,-0.000650852,-0.000089532,0.000194504
15.136000,-0.071480744,0.038615398,9.900169373,-0.000650520,-0.000082693,0.000201747
15.174000,-0.100226484,0.076943055,9.904960632,0.000418042,-0.000068880,0.000215284
15.196000,-0.100226484,0.076943055,9.904960632,0.000422832,-0.000055551,0.000226911
15.215000,-0.057107870,0.038615398,9.904960632,0.000422832,-0.000055551,0.000226911
15.236000,-0.037944041,0.024242528,9.900169373,-0.000638771,-0.000044008,0.000236738
15.256000,-0.071480744,0.057779230,9.904960632,-0.000637217,0.001025795,0.000241449
15.275000,-0.100226484,0.072152101,9.895379066,-0.000637217,0.001025795,0.000241449
15.315000,-0.052316912,0.033824444,9.900169373,-0.000629993,-0.000032254,0.000253773
15.337000,-0.057107870,0.033824444,9.900169373,0.000438785,-0.000032514,0.000256779
15.376000,-0.076271698,0.072152101,9.904960632,0.000443238,-0.001099372,0.001324389
15.416000,-0.095435530,0.043406360,9.900169373,-0.000610558,-0.000039624,0.000260367
15.436000,-0.071480744,0.043406360,9.909751892,-0.000603522,-0.000042778,0.000259019
15.456000,-0.047525957,0.052988268,9.904960632,-0.000586693,-0.000049324,0.000253500
15.496000,-0.066689789,0.072152101,9.895379066,0.000487981,-0.000052599,0.000250158
15.537000,-0.066689789,0.048197314,9.914543152,0.000508232,-0.000058186,0.000242646
15.577000,-0.061898828,0.052988268,9.904960632,0.000528614,-0.000061255,-0.000833904
15.617000,-0.076271698,0.043406360,9.895379066,-0.000513389,-0.000058647,0.000208219
15.636000,-0.081062660,0.019451573,9.919333458,-0.000513389,-0.000058647,0.000208219
15.657000,-0.081062660,0.072152101,9.885796547,-0.000506970,-0.000051414,0.000190663
15.678000,-0.071480744,0.062570184,9.909751892,-0.000506970,-0.000051414,0.000190663
15.697000,-0.061898828,0.029033486,9.895379066,-0.000504725,-0.000041368,0.000172776
15.737000,-0.081062660,0.072152101,9.895379066,0.000563964,-0.000029882,0.000155448
15.757000,-0.081062660,0.076943055,9.900169373,0.000563964,-0.000029882,0.000155448
15.778000,-0.061898828,0.043406360,9.895379066,0.000569318,-0.000017840,0.000137995
15.819000,-0.066689789,0.043406360,9.900169373,0.000573055,-0.000004458,0.000120712
15.859000,-0.081062660,0.076943055,9.909751892,0.000573922,0.000011255,0.000104462
15.898000,-0.061898828,0.019451573,9.904960632,0.000571348,0.000027697,-0.000974727
15.918000,-0.076271698,0.052988268,9.895379066,0.000571348,0.000027697,-0.000974727
15.939000,-0.076271698,0.076943055,9.900169373,-0.000499791,0.000042397,-0.000984159
15.978000,-0.076271698,0.043406360,9.904960632,0.000555365,0.000054969,0.000076831
15.998000,-0.052316912,0.043406360,9.904960632,0.000549047,0.000060444,0.000076263
16.018000,-0.052316912,0.048197314,9.909751892,0.000549047,0.000060444,0.000076263
16.038000,-0.085853614,0.057779230,9.909751892,0.000533645,0.000069811,0.000077499
16.058000,-0.109808400,0.062570184,9.904960632,-0.000540792,0.000073584,0.001144145
16.080000,-0.071480744,0.048197314,9.895379066,0.000514444,0.000076451,0.000079976
16.120000,-0.057107870,0.029033486,9.900169373,0.000504002,0.000078208,0.000080199
16.140000,-0.081062660,0.052988268,9.900169373,0.000493516,0.001143967,0.000079688
16.181000,-0.076271698,0.062570184,9.900169373,0.000472125,0.000075507,0.000077395
16.200000,-0.061898828,0.024242528,9.885796547,0.000460514,0.001137120,0.000075780
16.220000,-0.052316912,0.033824444,9.924124718,-0.000631445,0.000060874,-0.000993303
16.240000,-0.076271698,0.072152101,9.890587807,-0.000631445,0.000060874,-0.000993303
16.261000,-0.100226484,0.086524971,9.895379066,0.000402861,0.001110837,0.000068470
16.280000,-0.085853614,0.029033486,9.900169373,0.000387412,0.000036776,0.000067410
16.301000,-0.057107870,0.033824444,9.904960632,-0.000692692,0.000027185,0.000066780
16.320000,-0.042734999,0.062570184,9.904960632,-0.000692692,0.000027185,0.000066780
16.340000,-0.061898828,0.057779230,9.900169373,0.000345150,0.000006220,-0.000998694
16.361000,-0.090644568,0.024242528,9.904960632,0.000345150,0.000006220,-0.000998694
16.402000,-0.066689789,0.076943055,9.900169373,0.000311333,-0.000026321,0.000069947
16.441000,-0.081062660,0.033824444,9.904960632,-0.000769590,0.001018393,0.000074306
16.480000,-0.081062660,0.048197314,9.900169373,0.000290238,-0.000056636,0.000076130
16.500000,-0.066689789,0.072152101,9.909751892,-0.000778845,-0.000066304,0.000077325
16.520000,-0.052316912,0.057779230,9.900169373,-0.000781103,-0.000075905,0.000077825
16.560000,-0.076271698,0.043406360,9.900169373,0.000288539,-0.000103295,0.000076164
16.581000,-0.090644568,0.052988268,9.900169373,0.000293146,-0.000112161,0.000075005
16.602000,-0.081062660,0.072152101,9.904960632,-0.000766801,-0.000121043,0.000074029
16.643000,-0.052316912,0.033824444,9.900169373,-0.000754473,-0.000138201,0.000073148
16.681000,-0.090644568,0.067361146,9.904960632,-0.000747216,0.000919416,-0.000991667
16.702000,-0.076271698,0.062570184,9.904960632,-0.000729531,-0.000159111,0.000077234
16.722000,-0.061898828,0.043406360,9.904960632,-0.000729531,-0.000159111,0.000077234
16.742000,-0.057107870,0.024242528,9.909751892,0.000357881,-0.000169550,0.000084431
16.782000,-0.081062660,0.091315925,9.924124718,-0.000695486,-0.000173584,0.000088481
16.803000,-0.100226484,0.096106887,9.890587807,-0.000683786,-0.000176762,0.000092440
16.823000,-0.095435530,0.033824444,9.904960632,0.000393151,-0.000178871,0.000096268
16.843000,-0.052316912,0.009869657,9.900169373,0.000416660,-0.000180009,0.000103395
16.883000,-0.061898828,0.057779230,9.904960632,0.000428302,-0.000179345,0.000106499
16.922000,-0.085853614,0.052988268,9.895379066,-0.000625551,-0.000178047,0.000108943
16.943000,-0.071480744,0.038615398,9.924124718,-0.000605519,-0.000174015,0.000111708
16.984000,-0.066689789,0.086524971,9.895379066,-0.000589437,-0.000168745,0.000112245
17.023000,-0.095435530,0.033824444,9.904960632,0.000488137,0.000902377,0.000111191
17.045000,-0.071480744,0.024242528,9.895379066,0.000497125,-0.000157667,0.000109078
17.084000,-0.052316912,0.076943055,9.904960632,0.000502207,0.000911452,0.000106333
17.103000,-0.076271698,0.043406360,9.890587807,0.000502207,0.000911452,0.000106333
17.125000,-0.085853614,0.029033486,9.914543152,0.000505432,-0.000150605,0.000103292
17.145000,-0.081062660,0.033824444,9.900169373,-0.000558999,-0.000149720,-0.000963677
17.186000,-0.057107870,0.072152101,9.895379066,-0.000558845,0.000915986,0.000099614
17.205000,-0.076271698,0.062570184,9.900169373,-0.000559993,-0.000149466,0.000094993
17.246000,-0.066689789,0.029033486,9.895379066,0.000504590,-0.000149981,-0.000973083
17.265000,-0.090644568,0.096106887,9.914543152,-0.000561145,-0.000150708,0.000089263
17.286000,-0.085853614,0.100897849,9.895379066,-0.000560983,-0.000152776,0.000084364
17.326000,-0.023571171,-0.023667041,9.919333458,0.000505459,-0.000156594,0.000080973
17.345000,-0.100226484,0.048197314,9.895379066,0.000506414,0.000906543,0.000079758
17.386000,-0.071480744,0.057779230,9.904960632,0.000506414,0.000906543,0.000079758
17.425000,-0.057107870,0.024242528,9.914543152,0.000509872,-0.000170667,0.001143515
17.446000,-0.114599362,0.134434536,9.895379066,0.000509872,-0.000170667,0.001143515
17.466000,-0.095435530,0.067361146,9.900169373,-0.000554931,-0.000175278,0.000079653
17.505000,-0.047525957,0.024242528,9.900169373,0.000510207,-0.000184852,-0.000981071
17.526000,-0.071480744,0.120061666,9.904960632,0.000509425,-0.000189200,0.000087545
17.567000,-0.081062660,0.019451573,9.914543152,-0.000559996,-0.000196068,0.000097346
17.586000,-0.076271698,0.043406360,9.895379066,0.000502685,-0.000198240,0.000103024
17.626000,-0.052316912,0.062570184,9.900169373,0.000498073,-0.000200268,0.000114440
17.667000,-0.085853614,0.024242528,9.904960632,0.000493415,-0.000198525,0.000125407
17.707000,-0.066689789,0.057779230,9.904960632,0.000487946,-0.000193411,0.000134581
17.748000,-0.076271698,0.057779230,9.904960632,0.000478640,-0.000184769,0.000139199
17.788000,-0.061898828,0.038615398,9.909751892,0.000464804,-0.000173444,0.000138838
17.827000,-0.081062660,0.052988268,9.904960632,0.000436066,0.000912403,-0.000935565
17.847000,-0.061898828,0.052988268,9.895379066,-0.000641260,-0.000146287,0.000125307
17.869000,-0.066689789,0.052988268,9.900169373,0.000411008,-0.000140824,0.000120895
17.909000,-0.090644568,0.048197314,9.895379066,0.000384553,-0.000131647,0.000112552
17.949000,-0.057107870,0.052988268,9.904960632,-0.000706820,-0.000124472,0.000103081
17.988000,-0.081062660,0.043406360,9.904960632,-0.000732534,-0.000119619,0.000092547
18.008000,-0.076271698,0.048197314,9.904960632,-0.000732534,-0.000119619,0.000092547
18.028000,-0.066689789,0.057779230,9.900169373,0.000321000,-0.000117925,0.000086756
18.048000,-0.081062660,0.048197314,9.904960632,-0.000754567,-0.000116650,0.000080190
18.088000,-0.066689789,0.052988268,9.895379066,-0.000776966,-0.000114854,0.000058944
18.110000,-0.061898828,0.072152101,9.904960632,-0.000776966,-0.000114854,0.000058944
18.130000,-0.071480744,0.043406360,9.900169373,-0.000785226,-0.000115071,0.000045917
18.169000,-0.066689789,0.076943055,9.871423721,0.000278227,-0.001181220,-0.001025325
18.190000,-0.085853614,0.076943055,9.928915977,0.000279630,0.000946322,0.000030079
18.229000,-0.061898828,0.057779230,9.948079109,-0.000782370,-0.003316825,-0.002103515
18.250000,-0.109808400,0.052988268,9.909751892,-0.000782370,-0.003316825,-0.002103515
18.270000,-0.033153087,0.172762200,9.904960632,-0.000772136,-0.000127240,0.001091018
18.290000,-0.018780213,-0.023667041,9.914543152,0.000299726,0.000935424,0.002158791
18.331000,-0.105017439,0.167971238,9.900169373,0.000326940,0.000932493,0.003237473
18.371000,-0.138554141,0.029033486,9.909751892,-0.000713664,-0.001195088,-0.001016952
18.411000,0.024338398,-0.009294171,9.900169373,0.000364973,-0.000127232,0.001114278
18.451000,-0.114599362,0.096106887,9.900169373,0.000392815,0.000945751,0.000046909
18.490000,-0.081062660,0.029033486,9.904960632,0.000420707,-0.000110389,0.000039088
18.512000,-0.009198301,0.052988268,9.904960632,0.000444829,-0.000104120,0.001090704
18.550000,-0.114599362,0.009869657,9.909751892,0.000454149,-0.000102207,0.001082068
18.591000,-0.071480744,0.057779230,9.900169373,-0.000598927,-0.000100334,-0.000004479
18.611000,-0.042734999,0.105688795,9.885796547,-0.000595632,-0.000100475,-0.000030461
18.651000,-0.057107870,-0.004503213,9.895379066,-0.000596630,-0.000100951,-0.001110102
18.672000,-0.133763179,0.048197314,9.909751892,-0.000601907,-0.000101472,0.000990620
18.691000,-0.119390309,0.105688795,9.904960632,-0.000601907,-0.000101472,0.000990620
18.712000,-0.033153087,0.081734017,9.890587807,-0.000605621,-0.000101708,0.000976012
18.732000,-0.004407343,0.052988268,9.914543152,0.000451610,-0.000101089,-0.000119110
18.752000,-0.095435530,0.009869657,9.890587807,0.000447758,-0.000100682,0.000929588
18.792000,-0.114599362,0.038615398,9.895379066,0.000438794,-0.000103650,-0.001239098
18.812000,0.014756486,-0.014085128,9.914543152,-0.000626469,-0.000103650,-0.002304362
18.833000,0.014756486,0.019451573,9.890587807,0.000433199,-0.000106720,-0.001259462
18.874000,-0.152927011,0.048197314,9.904960632,-0.000653525,-0.000119987,-0.003441678
18.894000,-0.071480744,-0.042830870,9.909751892,-0.001726411,-0.000124326,-0.003451376
18.914000,-0.037944041,0.024242528,9.900169373,-0.000668135,-0.000128472,-0.002390847
18.953000,-0.071480744,0.100897849,9.900169373,-0.000673722,-0.000132397,-0.003454620
18.994000,-0.076271698,0.019451573,9.900169373,-0.000677231,-0.000138015,-0.002339141
19.034000,0.014756486,0.052988268,9.895379066,0.000388033,-0.000138015,0.000856650
19.054000,-0.066689789,0.148807406,9.900169373,0.000388033,-0.000138015,0.000856650
19.075000,-0.181672752,0.086524971,9.900169373,0.000388033,-0.000138015,-0.001273877
19.094000,-0.119390309,-0.071576610,9.909751892,-0.000677231,-0.000138015,-0.001273877
19.114000,-0.004407343,0.052988268,9.904960632,-0.000677231,-0.000138015,-0.001273877
19.155000,-0.100226484,0.038615398,9.900169373,-0.000677231,0.000927249,-0.000208613
19.194000,-0.071480744,0.057779230,9.914543152,0.000388033,-0.000138015,-0.000208613
19.215000,-0.052316912,0.062570184,9.900169373,0.000388033,-0.000138015,-0.000208613
19.235000,-0.052316912,0.052988268,9.895379066,-0.000677231,-0.000138015,-0.000208613
19.275000,-0.085853614,0.024242528,9.909751892,0.000388033,-0.000138015,-0.000208613
19.314000,-0.071480744,0.076943055,9.895379066,-0.000677231,-0.000138015,-0.000208613
19.335000,-0.066689789,0.033824444,9.895379066,0.000388033,0.000927249,-0.000208613
19.376000,-0.076271698,0.057779230,9.904960632,-0.000677231,-0.000138015,-0.000208613
19.416000,-0.071480744,0.052988268,9.895379066,0.000388033,-0.000138015,-0.000208613
19.436000,-0.061898828,0.048197314,9.900169373,0.000388033,-0.000138015,-0.000208613
19.476000,-0.090644568,0.052988268,9.890587807,0.000388033,-0.000138015,-0.000208613
19.516000,-0.061898828,0.052988268,9.900169373,0.000388033,-0.000138015,-0.000208613
19.535000,-0.061898828,0.057779230,9.900169373,0.000388033,-0.000138015,-0.000208613
19.555000,-0.076271698,0.052988268,9.904960632,0.000388033,-0.000138015,-0.000208613
19.575000,-0.076271698,0.048197314,9.900169373,0.000388033,-0.000138015,-0.000208613
19.616000,-0.057107870,0.048197314,9.900169373,0.000388033,0.000927249,-0.000208613
19.655000,-0.081062660,0.043406360,9.909751892,0.000388033,-0.000138015,-0.000208613
19.676000,-0.081062660,0.048197314,9.904960632,0.000388033,0.000927249,-0.000208613
19.696000,-0.061898828,0.057779230,9.895379066,0.000388033,-0.000138015,-0.000208613
19.717000,-0.061898828,0.043406360,9.904960632,0.000388033,-0.000138015,-0.000208613
19.756000,-0.085853614,0.052988268,9.904960632,-0.000677231,-0.000138015,-0.000208613
19.778000,-0.081062660,0.048197314,9.900169373,0.000388033,-0.000138015,-0.000208613
19.818000,-0.061898828,0.052988268,9.900169373,0.000388033,-0.000138015,-0.000208613
19.838000,-0.066689789,0.048197314,9.904960632,0.000388033,-0.000138015,-0.000208613
19.877000,-0.076271698,0.057779230,9.904960632,0.000388033,-0.000138015,-0.000208613
19.898000,-0.076271698,0.048197314,9.900169373,0.000388033,-0.000138015,-0.000208613
19.918000,-0.071480744,0.052988268,9.904960632,0.000388033,-0.000138015,-0.000208613
19.957000,-0.076271698,0.052988268,9.900169373,0.000388033,-0.000138015,-0.000208613
19.979000,-0.071480744,0.048197314,9.904960632,-0.000677231,-0.000138015,-0.000208613
19.999000,-0.071480744,0.043406360,9.904960632,-0.000677231,-0.000138015,-0.000208613
20.039000,-0.071480744,0.052988268,9.900169373,0.000388033,0.000927249,-0.000208613
20.079000,-0.076271698,0.043406360,9.900169373,0.000388033,-0.000138015,-0.000208613
20.117000,-0.076271698,0.067361146,9.900169373,0.000388033,-0.000138015,-0.000208613
20.138000,-0.066689789,0.057779230,9.904960632,0.000388033,-0.000138015,-0.000208613
20.160000,-0.071480744,0.052988268,9.900169373,-0.000677231,-0.000138015,-0.000208613
20.200000,-0.081062660,0.043406360,9.904960632,0.000388033,-0.000138015,-0.000208613
20.220000,-0.071480744,0.052988268,9.900169373,0.000388033,-0.000138015,-0.000208613
20.259000,-0.066689789,0.052988268,9.900169373,0.000388033,-0.000138015,-0.000208613
20.280000,-0.071480744,0.048197314,9.904960632,0.000388033,0.000927249,-0.000208613
20.320000,-0.076271698,0.062570184,9.900169373,0.000388033,-0.000138015,-0.000208613
20.360000,-0.071480744,0.048197314,9.900169373,0.000388033,-0.000138015,-0.000208613
20.381000,-0.076271698,0.048197314,9.904960632,0.000388033,-0.000138015,-0.000208613
20.420000,-0.076271698,0.052988268,9.904960632,0.000388033,-0.000138015,-0.000208613
20.440000,-0.076271698,0.048197314,9.909751892,0.000388033,-0.000138015,-0.000208613
20.461000,-0.071480744,0.057779230,9.900169373,-0.000677231,-0.000138015,-0.000208613
20.480000,-0.061898828,0.052988268,9.895379066,0.000388033,-0.000138015,-0.000208613
20.500000,-0.071480744,0.043406360,9.904960632,0.000388033,-0.000138015,-0.000208613
20.520000,-0.081062660,0.043406360,9.904960632,-0.000677231,-0.000138015,-0.000208613
20.541000,-0.076271698,0.052988268,9.904960632,-0.000677231,-0.000138015,-0.000208613
20.581000,-0.066689789,0.052988268,9.900169373,-0.000677231,-0.000138015,-0.000208613
20.601000,-0.061898828,0.038615398,9.900169373,0.000388033,-0.000138015,-0.000208613
20.621000,-0.071480744,0.048197314,9.900169373,0.000388033,-0.000138015,-0.000208613
20.642000,-0.076271698,0.057779230,9.904960632,0.000388033,0.000927249,-0.000208613
20.681000,-0.071480744,0.043406360,9.904960632,-0.000677231,0.000927249,-0.000208613
20.703000,-0.076271698,0.038615398,9.900169373,-0.000677231,-0.000138015,-0.000208613
20.741000,-0.066689789,0.057779230,9.909751892,0.000388033,-0.000138015,-0.000208613
20.761000,-0.076271698,0.048197314,9.904960632,0.000388033,-0.000138015,-0.000208613
20.783000,-0.081062660,0.043406360,9.895379066,0.000388033,-0.000138015,-0.000208613
20.803000,-0.071480744,0.057779230,9.900169373,0.000388033,-0.000138015,-0.000208613
20.843000,-0.066689789,0.048197314,9.900169373,0.000368882,-0.000179882,0.000009079
20.862000,-0.066689789,0.038615398,9.904960632,-0.000683937,-0.000185950,0.000008197
20.884000,-0.071480744,0.043406360,9.909751892,0.000404629,-0.000196317,0.000006516
20.923000,-0.076271698,0.072152101,9.904960632,0.000415772,-0.000200658,0.000005731
20.943000,-0.066689789,0.038615398,9.904960632,0.000435938,-0.000207789,0.000004299
20.983000,-0.071480744,0.043406360,9.900169373,-0.000614065,0.000852196,0.000003066
21.003000,-0.081062660,0.057779230,9.900169373,0.000456764,-0.000215252,0.000002526
21.024000,-0.071480744,0.062570184,9.900169373,-0.000603820,-0.000217357,0.000002038
21.063000,-0.061898828,0.038615398,9.900169373,-0.000596380,-0.001285785,-0.001064056
21.085000,-0.066689789,0.052988268,9.900169373,-0.000593522,-0.000220894,0.000001017
21.104000,-0.076271698,0.062570184,9.900169373,0.000474092,-0.000220016,0.000001303
21.125000,-0.085853614,0.057779230,9.904960632,0.000474092,-0.000220016,0.000001303
21.164000,-0.066689789,0.043406360,9.904960632,0.000477828,-0.000210220,0.000005067
21.205000,-0.071480744,0.048197314,9.900169373,-0.000587745,-0.000204149,0.000006984
21.225000,-0.066689789,0.057779230,9.900169373,0.000474949,0.000877867,-0.001053746
21.247000,-0.081062660,0.052988268,9.900169373,0.000474949,0.000877867,-0.001053746
21.284000,-0.066689789,0.052988268,9.904960632,-0.000597170,-0.000152865,0.000023650
21.306000,-0.061898828,0.052988268,9.900169373,-0.000597170,-0.000152865,0.000023650
21.346000,-0.081062660,0.048197314,9.909751892,0.000464068,-0.000128072,0.000035503
21.384000,-0.066689789,0.062570184,9.904960632,0.000459756,0.000972835,0.000055441
21.406000,-0.061898828,0.048197314,9.904960632,0.000459756,0.000972835,0.000055441
21.447000,-0.081062660,0.052988268,9.904960632,0.000450998,-0.000063275,0.000075028
21.485000,-0.066689789,0.052988268,9.900169373,-0.000622230,-0.000049311,0.000086863
21.506000,-0.057107870,0.048197314,9.909751892,-0.000622230,-0.000049311,0.000086863
21.548000,-0.081062660,0.052988268,9.904960632,0.000433519,-0.000033495,0.000101995
21.586000,-0.066689789,0.043406360,9.904960632,0.000428753,-0.000024760,0.000110020
21.606000,-0.076271698,0.043406360,9.900169373,0.000428753,-0.000024760,0.000110020
21.628000,-0.071480744,0.067361146,9.904960632,-0.000644445,-0.000018912,0.000115002
21.647000,-0.061898828,0.062570184,9.904960632,-0.000644445,-0.000018912,0.000115002
21.667000,-0.071480744,0.043406360,9.895379066,0.000409798,-0.000016065,0.000116920
21.708000,-0.076271698,0.072152101,9.900169373,0.000409798,-0.000016065,0.000116920
21.747000,-0.071480744,0.043406360,9.904960632,0.000389635,-0.000016928,0.000113797
21.788000,-0.076271698,0.038615398,9.904960632,0.000384429,-0.000017792,0.000110761
21.807000,-0.066689789,0.057779230,9.904960632,0.000379287,-0.000018259,-0.000958647
21.827000,-0.066689789,0.052988268,9.895379066,0.000373810,-0.000018385,0.000101761
21.848000,-0.061898828,0.048197314,9.900169373,0.000361065,0.001047435,0.000091654
21.868000,-0.061898828,0.048197314,9.904960632,-0.000710790,-0.000017393,0.000086731
21.907000,-0.076271698,0.052988268,9.900169373,-0.000722404,-0.000017321,0.000077418
21.928000,-0.071480744,0.048197314,9.909751892,-0.000722404,-0.000017321,0.000077418
21.949000,-0.066689789,0.052988268,9.904960632,-0.000729884,-0.000017175,0.000069045
21.969000,-0.076271698,0.062570184,9.900169373,0.000334133,-0.000017290,0.000065267
22.008000,-0.085853614,0.048197314,9.895379066,0.000336697,-0.000018497,-0.001006688
22.030000,-0.061898828,0.043406360,9.904960632,0.000339485,-0.000019469,0.000055817
22.068000,-0.066689789,0.057779230,9.904960632,-0.000719292,-0.000021899,-0.001012736
22.088000,-0.081062660,0.048197314,9.904960632,0.000349945,-0.000023270,-0.001013159
22.108000,-0.066689789,0.048197314,9.900169373,-0.000710430,-0.000024698,0.000052846
22.129000,-0.076271698,0.048197314,9.904960632,0.000360728,-0.000026152,0.000055010
22.148000,-0.071480744,0.052988268,9.900169373,-0.000697732,-0.000027609,0.000058491
22.168000,-0.061898828,0.043406360,9.904960632,0.000374844,0.001036220,0.000063023
22.189000,-0.066689789,0.048197314,9.904960632,0.000382325,-0.000030596,0.000068370
22.209000,-0.090644568,0.052988268,9.900169373,0.000382325,-0.000030596,0.000068370
22.249000,-0.071480744,0.052988268,9.900169373,-0.000667996,0.001030350,0.000080696
22.270000,-0.052316912,0.052988268,9.904960632,0.000411679,-0.000042087,0.000094085
22.290000,-0.076271698,0.033824444,9.909751892,0.000411679,-0.000042087,0.000094085
22.329000,-0.071480744,0.067361146,9.909751892,-0.000638722,-0.000053648,0.000107357
22.350000,-0.066689789,0.067361146,9.900169373,-0.000630531,-0.000060558,0.000113259
22.389000,-0.071480744,0.043406360,9.900169373,-0.000601604,-0.001148046,0.000126662
22.410000,-0.066689789,0.052988268,9.895379066,-0.000601604,-0.001148046,0.000126662
22.451000,-0.076271698,0.052988268,9.895379066,0.000483632,-0.000096550,0.000132507
22.470000,-0.076271698,0.029033486,9.904960632,0.000501152,-0.000107091,0.000136358
22.510000,-0.061898828,0.076943055,9.900169373,-0.000551314,-0.000111869,0.000138605
22.530000,-0.057107870,0.048197314,9.900169373,-0.000551314,-0.000111869,0.000138605
22.550000,-0.071480744,0.024242528,9.909751892,-0.000546825,-0.000112246,0.000139089
22.572000,-0.081062660,0.048197314,9.900169373,0.000522095,-0.000111555,0.000138869
22.591000,-0.076271698,0.062570184,9.904960632,-0.000539955,-0.000109981,0.000137909
22.612000,-0.061898828,0.048197314,9.900169373,-0.000537311,-0.000107689,0.000136191
22.631000,-0.057107870,0.038615398,9.900169373,-0.000535184,-0.000104830,0.000133398
22.652000,-0.066689789,0.043406360,9.904960632,0.000534019,-0.000097926,0.000123975
22.692000,-0.085853614,0.062570184,9.909751892,0.000537092,-0.000090006,-0.000954454
22.712000,-0.076271698,0.052988268,9.904960632,0.000537802,-0.000085427,0.000103562
22.751000,-0.071480744,0.057779230,9.900169373,-0.000527458,0.000990465,0.000089730
22.773000,-0.090644568,0.057779230,9.900169373,0.000537248,0.000996508,0.000083416
22.813000,-0.061898828,0.038615398,9.900169373,-0.000530077,-0.000057186,0.000072112
22.853000,-0.061898828,0.057779230,9.900169373,0.000530893,-0.000048174,0.000062626
22.892000,-0.081062660,0.043406360,9.900169373,0.000524593,-0.000041407,0.000055068
22.912000,-0.071480744,0.048197314,9.900169373,0.000524593,-0.000041407,0.000055068
22.932000,-0.061898828,0.057779230,9.900169373,0.000516632,-0.000035881,0.000050695
22.953000,-0.061898828,0.057779230,9.900169373,-0.000553000,-0.000033827,0.000049741
22.992000,-0.085853614,0.043406360,9.904960632,0.000507977,0.001032876,0.000049455
23.014000,-0.071480744,0.062570184,9.904960632,-0.000565278,0.001032456,0.000050476
23.054000,-0.061898828,0.048197314,9.904960632,0.000494161,-0.000038742,0.000053029
23.093000,-0.081062660,0.048197314,9.900169373,0.000491750,-0.000043731,0.000054690
23.133000,-0.066689789,0.048197314,9.895379066,-0.000583035,-0.000063836,-0.001004776
23.173000,-0.076271698,0.048197314,9.904960632,0.000477140,-0.000071506,0.000062687
23.193000,-0.081062660,0.062570184,9.900169373,-0.000593891,-0.000079359,0.000065317
23.214000,-0.066689789,0.057779230,9.895379066,-0.000599837,-0.000087251,0.000068423
23.234000,-0.061898828,0.043406360,9.904960632,0.000459879,0.000970202,0.000071728
23.255000,-0.066689789,0.043406360,9.904960632,0.000455208,-0.000102845,0.000074844
23.295000,-0.066689789,0.052988268,9.904960632,0.000447733,0.000946475,0.000080023
23.314000,-0.052316912,0.052988268,9.900169373,0.000443939,-0.000126377,0.000082126
23.335000,-0.066689789,0.052988268,9.909751892,0.000439889,-0.000133368,0.000083930
23.355000,-0.081062660,0.043406360,9.895379066,0.000435529,-0.000139757,0.000085459
23.395000,-0.081062660,0.057779230,9.904960632,0.000417891,-0.000155411,0.000088470
23.415000,-0.066689789,0.062570184,9.904960632,0.000417891,-0.000155411,0.000088470
23.456000,-0.066689789,0.033824444,9.904960632,-0.000668269,-0.000166240,0.000086761
23.476000,-0.076271698,0.052988268,9.900169373,-0.000668269,-0.000166240,0.000086761
23.515000,-0.071480744,0.052988268,9.900169373,-0.000683215,-0.000171020,0.000083181
23.556000,-0.057107870,0.033824444,9.900169373,0.000366984,-0.000172601,0.000078524
23.577000,-0.076271698,0.062570184,9.909751892,0.000351354,-0.000169754,0.000073358
23.617000,-0.095435530,0.052988268,9.904960632,-0.000721407,0.000898386,-0.000994541
23.637000,-0.057107870,0.048197314,9.895379066,-0.000728189,-0.000163442,-0.000997000
23.677000,-0.061898828,0.052988268,9.900169373,0.000324705,-0.000153176,0.000066055
23.698000,-0.081062660,0.043406360,9.900169373,0.000323197,-0.000150057,0.000067738
23.738000,-0.061898828,0.052988268,9.895379066,0.000321309,-0.000144234,0.000074497
23.778000,-0.061898828,0.029033486,9.904960632,-0.000744781,-0.000137697,0.000084310
23.818000,-0.090644568,0.067361146,9.900169373,-0.000743540,-0.000129595,0.000095745
23.857000,-0.081062660,0.052988268,9.900169373,-0.000738788,-0.000119443,0.000107714
23.877000,-0.042734999,0.033824444,9.895379066,0.000330487,-0.000113917,0.000113641
23.919000,-0.076271698,0.062570184,9.895379066,0.000335537,-0.000108259,0.000119424
23.957000,-0.066689789,0.038615398,9.904960632,-0.000724036,-0.000102573,-0.000940260
23.978000,-0.057107870,0.052988268,9.900169373,0.000353531,-0.000091447,0.000135528
23.997000,-0.061898828,0.052988268,9.904960632,-0.000705091,0.000979126,0.001206108
24.017000,-0.066689789,0.043406360,9.909751892,0.000366994,-0.000081216,0.000146186
24.037000,-0.085853614,0.043406360,9.909751892,0.000373869,-0.000076999,0.000151162
24.058000,-0.100226484,0.067361146,9.900169373,-0.000678489,-0.000070898,0.000159544
24.079000,-0.085853614,0.057779230,9.909751892,-0.000678489,-0.000070898,0.000159544
24.118000,-0.052316912,0.033824444,9.904960632,0.000392569,-0.000068853,0.000162998
24.139000,-0.071480744,0.043406360,9.900169373,0.000406458,-0.000065110,0.000171701
24.180000,-0.071480744,0.048197314,9.909751892,-0.000656082,-0.000063835,0.000173193
24.220000,-0.057107870,0.052988268,9.900169373,0.000412575,-0.000059551,0.000168091
24.260000,-0.081062660,0.062570184,9.900169373,0.000413677,-0.000056616,0.000157892
24.280000,-0.100226484,0.067361146,9.904960632,0.000413677,-0.000056616,0.000157892
24.319000,-0.052316912,0.043406360,9.900169373,0.000412828,-0.000053816,0.000144641
24.340000,-0.061898828,0.038615398,9.904960632,0.000409095,0.001013848,0.000129952
24.381000,-0.061898828,0.052988268,9.904960632,0.000406221,-0.000050992,0.000122460
24.420000,-0.081062660,0.048197314,9.904960632,0.000398426,-0.000053201,0.000107920
24.461000,-0.057107870,0.048197314,9.895379066,-0.000682861,0.001002995,0.000090837
24.481000,-0.057107870,0.067361146,9.909751892,0.000376852,-0.000066361,0.000086091
24.520000,-0.105017439,0.057779230,9.909751892,-0.000699219,-0.000075831,0.000077814
24.540000,-0.066689789,0.038615398,9.895379066,0.000361216,-0.000080640,0.000074716
24.561000,-0.047525957,0.038615398,9.900169373,0.000361216,-0.000080640,0.000074716
24.582000,-0.052316912,0.048197314,9.895379066,0.000354319,-0.000089908,0.000070415
24.621000,-0.076271698,0.048197314,9.904960632,0.000349593,-0.000098411,0.000067438
24.662000,-0.066689789,0.043406360,9.904960632,0.000347970,-0.000102302,0.000065839
24.703000,-0.071480744,0.057779230,9.914543152,-0.000721728,-0.000112360,0.000060730
24.743000,-0.100226484,0.048197314,9.904960632,-0.000724192,-0.000115160,0.000059026
24.783000,-0.052316912,0.057779230,9.895379066,-0.000729085,-0.000119950,-0.001009509
24.802000,-0.057107870,0.062570184,9.904960632,0.000335011,-0.000121959,0.000054373
24.843000,-0.076271698,0.038615398,9.909751892,-0.000728444,0.000939999,-0.001012023
24.882000,-0.081062660,0.076943055,9.890587807,0.000344396,-0.000127564,0.001120143
24.902000,-0.052316912,0.024242528,9.904960632,0.000349932,-0.000127922,0.000056822
24.942000,-0.100226484,0.086524971,9.900169373,-0.000702035,-0.000126725,0.000060486
24.963000,-0.100226484,0.076943055,9.904960632,-0.000694696,0.000939874,0.000061588
24.982000,-0.071480744,0.024242528,9.904960632,-0.000678747,-0.000122302,0.000062650
25.003000,-0.033153087,0.029033486,9.895379066,-0.000678747,-0.000122302,0.000062650
25.044000,-0.090644568,0.062570184,9.904960632,0.000404762,-0.000118713,0.000064074
25.084000,-0.066689789,0.043406360,9.900169373,0.000431187,-0.000112161,0.000070467
25.104000,-0.042734999,0.033824444,9.904960632,-0.000626206,-0.001175138,0.000073548
25.144000,-0.090644568,0.052988268,9.909751892,-0.000618571,0.000957814,0.000076913
25.183000,-0.095435530,0.052988268,9.909751892,0.000461879,-0.000102128,-0.000981137
25.203000,-0.047525957,0.048197314,9.909751892,-0.000586254,-0.000097374,0.000092237
25.224000,-0.037944041,0.048197314,9.904960632,-0.000586254,-0.000097374,0.000092237
25.264000,-0.090644568,0.048197314,9.904960632,0.000498824,-0.000093397,0.000101777
25.305000,-0.061898828,0.052988268,9.909751892,-0.000536996,-0.000088834,0.000113495
25.344000,-0.071480744,0.043406360,9.909751892,-0.000529069,-0.000087657,0.000115713
25.386000,-0.109808400,0.067361146,9.909751892,-0.000516245,-0.000085020,0.000117111
25.426000,-0.037944041,0.038615398,9.885796547,-0.000506097,-0.000081056,-0.000950241
25.465000,-0.076271698,0.067361146,9.900169373,0.000577081,-0.000073529,-0.000953353
25.486000,-0.085853614,0.072152101,9.909751892,0.000577081,-0.000073529,0.000111911
25.506000,-0.076271698,0.029033486,9.895379066,0.000577081,-0.000073529,0.000111911
25.526000,-0.052316912,0.009869657,9.904960632,-0.000468800,-0.000062623,0.000111554
25.565000,-0.076271698,0.072152101,9.909751892,0.000607830,-0.000053893,0.000110818
25.587000,-0.109808400,0.062570184,9.900169373,0.000614070,-0.000049399,0.000109994
25.606000,-0.095435530,0.048197314,9.904960632,0.000620426,-0.000044922,0.000108946
25.647000,-0.047525957,0.052988268,9.900169373,-0.000433527,-0.000036844,0.000106378
25.667000,-0.071480744,0.072152101,9.900169373,0.000631736,0.001028420,0.000106378
25.706000,-0.066689789,0.033824444,9.895379066,-0.000429483,-0.000033255,0.000104944
25.727000,-0.057107870,0.057779230,9.904960632,0.000640355,-0.000027161,0.000101207
25.767000,-0.076271698,0.024242528,9.904960632,-0.000427201,-0.000022599,0.000093088
25.786000,-0.085853614,0.052988268,9.909751892,0.000634471,-0.000022070,0.000090729
25.807000,-0.095435530,0.086524971,9.895379066,0.000630145,-0.000021924,0.000088675
25.826000,-0.081062660,0.057779230,9.895379066,-0.000439996,-0.000022100,0.000086905
25.847000,-0.061898828,0.024242528,9.900169373,0.000619691,-0.000022545,0.000085398
25.867000,-0.057107870,0.033824444,9.895379066,0.000613455,-0.000023206,0.000084133
25.887000,-0.066689789,0.062570184,9.895379066,-0.000458659,-0.000024041,0.000083089
25.907000,-0.071480744,0.067361146,9.904960632,0.000599029,-0.000025008,0.000082246
25.927000,-0.071480744,0.052988268,9.900169373,0.000590648,-0.000026072,0.000081429
25.967000,-0.066689789,0.043406360,9.900169373,0.000570527,-0.000028525,0.000078878
26.008000,-0.085853614,0.043406360,9.904960632,0.000545069,-0.000032422,0.000074429
26.048000,-0.081062660,0.052988268,9.900169373,-0.000549742,-0.000036361,0.000067501
26.067000,-0.052316912,0.052988268,9.904960632,-0.000566151,-0.000038008,0.000063412
26.087000,-0.057107870,0.048197314,9.900169373,0.000482009,-0.000039454,0.000059071
26.108000,-0.076271698,0.062570184,9.900169373,0.000464877,-0.000040710,0.000054583
26.128000,-0.081062660,0.057779230,9.904960632,0.000448124,-0.000041789,0.000050036
26.149000,-0.071480744,0.033824444,9.909751892,0.000431931,-0.000042705,0.000045504
26.169000,-0.066689789,0.048197314,9.900169373,0.000431931,-0.000042705,0.000045504
26.208000,-0.071480744,0.043406360,9.900169373,-0.000679286,-0.000043861,0.000032581
26.230000,-0.085853614,0.057779230,9.904960632,0.000371192,0.001022107,0.000028636
26.269000,-0.085853614,0.052988268,9.904960632,-0.000721478,-0.000041064,0.000021444
26.310000,-0.052316912,0.043406360,9.900169373,0.000321646,-0.000039703,0.000015265
26.350000,-0.081062660,0.062570184,9.900169373,-0.000752093,-0.000039774,0.000012567
26.371000,-0.057107870,0.043406360,9.900169373,0.000301363,-0.000041735,0.000008088
26.390000,-0.052316912,0.024242528,9.900169373,0.000301363,-0.000041735,0.000008088
26.410000,-0.076271698,0.052988268,9.904960632,0.000295020,-0.000045411,0.000006104
26.430000,-0.085853614,0.076943055,9.909751892,0.000295020,-0.000045411,0.000006104
26.450000,-0.095435530,0.057779230,9.895379066,0.000293015,-0.000047664,0.000006112
26.471000,-0.090644568,0.038615398,9.904960632,-0.000773851,-0.000050094,-0.001058619
26.490000,-0.057107870,0.038615398,9.900169373,-0.000774940,-0.000052482,0.000007764
26.529000,-0.076271698,0.057779230,9.895379066,-0.000773924,-0.000056159,0.000012506
26.550000,-0.076271698,0.043406360,9.900169373,-0.000770974,-0.000057821,0.000016395
26.591000,-0.066689789,0.052988268,9.895379066,0.000306370,-0.000061475,0.000026878
26.630000,-0.071480744,0.043406360,9.900169373,0.000324964,0.000999970,0.000039568
26.651000,-0.081062660,0.038615398,9.909751892,-0.000729512,-0.000067336,0.000046309
26.691000,-0.081062660,0.081734017,9.904960632,0.000374255,-0.000075847,-0.000998667
26.732000,-0.061898828,0.029033486,9.904960632,0.000389174,-0.000079282,-0.000992044
26.770000,-0.071480744,0.072152101,9.900169373,0.000404509,-0.000082860,0.000080171
26.791000,-0.071480744,0.033824444,9.904960632,0.000434882,-0.000089415,0.000095921
26.813000,-0.071480744,0.019451573,9.904960632,0.000449217,-0.001157182,-0.000960814
26.833000,-0.066689789,0.057779230,9.909751892,-0.000591938,-0.000093982,0.000122639
26.872000,-0.085853614,0.038615398,9.900169373,0.000491702,-0.000090716,0.000142147
26.912000,-0.085853614,0.072152101,9.895379066,0.000505625,-0.001148891,0.000160242
26.952000,-0.042734999,0.043406360,9.895379066,0.000515691,-0.000073492,0.000175723
26.972000,-0.076271698,0.033824444,9.900169373,0.000519316,-0.000067215,0.000182312
26.992000,-0.081062660,0.052988268,9.909751892,0.000519316,-0.000067215,0.000182312
27.012000,-0.061898828,0.067361146,9.904960632,-0.000543643,-0.000060373,0.000187811
27.051000,-0.076271698,0.029033486,9.904960632,0.000517480,-0.000038230,0.000196083
27.072000,-0.081062660,0.048197314,9.895379066,0.000517480,-0.000038230,0.000196083
27.093000,-0.081062660,0.081734017,9.900169373,0.000504929,-0.000023488,0.000195482
27.112000,-0.081062660,0.072152101,9.900169373,0.000504929,-0.000023488,0.000195482
27.133000,-0.081062660,0.038615398,9.904960632,0.000486171,-0.000009502,-0.000872196
27.154000,-0.061898828,0.024242528,9.909751892,0.000486171,-0.000009502,-0.000872196
27.174000,-0.052316912,0.052988268,9.900169373,0.000474910,0.001062773,0.000191815
27.194000,-0.071480744,0.072152101,9.904960632,0.000462312,0.000004495,0.000190920
27.214000,-0.081062660,0.057779230,9.900169373,0.000462312,0.000004495,0.000190920
27.235000,-0.071480744,0.033824444,9.904960632,-0.000631326,0.000016992,0.000190300
27.274000,-0.052316912,0.052988268,9.900169373,-0.000660039,0.000027111,0.000188740
27.315000,-0.109808400,0.057779230,9.909751892,0.000380203,0.000035769,0.000184554
27.335000,-0.095435530,0.057779230,9.900169373,0.000361881,0.000043430,0.000177875
27.355000,-0.047525957,0.057779230,9.900169373,0.000361881,0.000043430,0.000177875
27.375000,-0.037944041,0.029033486,9.900169373,0.000348002,0.000047301,0.000168419
27.396000,-0.066689789,0.033824444,9.895379066,0.000348002,0.000047301,0.000168419
27.436000,-0.076271698,0.086524971,9.900169373,0.000337356,0.001112778,0.000157387
27.476000,-0.066689789,0.014660615,9.900169373,0.000327506,0.000039609,0.001205376
27.515000,-0.071480744,0.067361146,9.909751892,-0.000741138,0.000028324,0.000128395
27.536000,-0.105017439,0.048197314,9.900169373,-0.000742084,0.000021589,0.000122149
27.556000,-0.105017439,0.043406360,9.904960632,-0.000742084,0.000021589,0.000122149
27.595000,-0.033153087,0.057779230,9.904960632,-0.000742064,0.000006952,0.000109370
27.615000,-0.057107870,0.043406360,9.895379066,-0.000738990,-0.000008188,0.000096136
27.636000,-0.085853614,0.033824444,9.904960632,-0.000738990,-0.000008188,0.000096136
27.656000,-0.085853614,0.057779230,9.904960632,0.000328817,0.001049628,0.000089088
27.676000,-0.066689789,0.062570184,9.900169373,0.000332199,-0.000023031,0.000081745
27.696000,-0.052316912,0.043406360,9.904960632,-0.000724226,-0.000037573,0.000065743
27.735000,-0.095435530,0.048197314,9.900169373,0.000345853,-0.000044242,0.000057303
27.758000,-0.105017439,0.067361146,9.904960632,-0.000714526,-0.000050418,0.000048792
27.796000,-0.047525957,0.043406360,9.900169373,-0.000705454,-0.000061420,0.000032070
27.816000,-0.047525957,0.024242528,9.904960632,-0.000701464,-0.000066686,0.000024063
27.836000,-0.071480744,0.043406360,9.900169373,0.000367578,-0.000071980,0.000016394
27.858000,-0.090644568,0.076943055,9.904960632,0.000371434,-0.000077066,0.000009119
27.897000,-0.061898828,0.038615398,9.895379066,0.000379398,-0.000085442,-0.000004096
27.918000,-0.047525957,0.024242528,9.904960632,0.000382914,-0.000088659,-0.000009992
27.959000,-0.109808400,0.072152101,9.900169373,0.000388304,0.000971987,-0.000020323
27.978000,-0.105017439,0.062570184,9.900169373,0.000390276,-0.000094504,-0.000024768
27.998000,-0.061898828,0.052988268,9.900169373,-0.000673434,-0.000095243,-0.001094011
28.018000,-0.037944041,0.043406360,9.900169373,0.000394757,-0.000095963,-0.000033749
28.039000,-0.052316912,0.043406360,9.900169373,0.000394757,-0.000095963,-0.000033749
28.077000,-0.090644568,0.048197314,9.900169373,-0.000666234,-0.000095900,-0.000031890
28.098000,-0.061898828,0.072152101,9.895379066,0.000402742,-0.000095291,-0.000024394
28.119000,-0.057107870,0.067361146,9.895379066,0.000402742,-0.000095291,-0.000024394
28.159000,-0.095435530,0.029033486,9.924124718,-0.000657558,-0.000094357,-0.000007010
28.179000,-0.090644568,0.062570184,9.900169373,-0.000657558,-0.000094357,-0.000007010
28.200000,-0.066689789,0.072152101,9.900169373,0.000411220,-0.000094072,0.000006568
28.219000,-0.066689789,0.043406360,9.895379066,0.000414092,-0.000093776,0.000013981
28.239000,-0.061898828,0.029033486,9.904960632,0.000414092,-0.000093776,0.000013981
28.260000,-0.061898828,0.048197314,9.900169373,0.000420832,0.000972290,0.000029941
28.298000,-0.066689789,0.048197314,9.895379066,0.000425607,-0.000092744,0.000046309
28.319000,-0.071480744,0.043406360,9.900169373,0.000425941,0.000971938,0.001119587
28.340000,-0.071480744,0.052988268,9.904960632,0.000424529,-0.000094464,0.000061943
28.379000,-0.090644568,0.057779230,9.904960632,0.000417223,-0.000099021,0.000074803
28.400000,-0.100226484,0.048197314,9.900169373,0.000417223,-0.000099021,0.000074803
28.420000,-0.081062660,0.038615398,9.904960632,0.000411905,0.000962983,0.000079970
28.441000,-0.057107870,0.029033486,9.890587807,-0.000659453,-0.000106148,0.000084371
28.461000,-0.061898828,0.052988268,9.904960632,-0.000672402,-0.000115979,0.000091124
28.499000,-0.066689789,0.043406360,9.895379066,-0.000678396,-0.000121275,0.000093597
28.519000,-0.076271698,0.033824444,9.909751892,0.000377301,-0.000131366,0.000096287
28.541000,-0.081062660,0.062570184,9.909751892,0.000377301,-0.000131366,0.000096287
28.579000,-0.061898828,0.062570184,9.904960632,-0.000694189,-0.001205772,0.000095463
28.601000,-0.085853614,0.048197314,9.904960632,0.000369473,-0.000144503,0.000094031
28.622000,-0.105017439,0.052988268,9.914543152,0.000368798,-0.000147760,0.000092088
28.642000,-0.071480744,0.048197314,9.900169373,0.000368598,-0.000150200,0.000089746
28.662000,-0.047525957,0.038615398,9.900169373,-0.000696617,-0.000151766,0.000087105
28.702000,-0.081062660,0.052988268,9.895379066,0.000369172,0.000913541,0.000081409
28.723000,-0.061898828,0.043406360,9.909751892,-0.000697295,-0.000148918,0.000076361
28.761000,-0.071480744,0.043406360,9.900169373,0.000366261,-0.000147323,0.000074310
28.782000,-0.066689789,0.029033486,9.900169373,0.000366261,-0.000147323,0.000074310
28.801000,-0.057107870,0.067361146,9.904960632,0.000363081,-0.000143941,0.000071625
28.821000,-0.090644568,0.115270719,9.895379066,0.000361803,-0.000139131,0.000070460
28.841000,-0.119390309,0.067361146,9.900169373,0.000361803,-0.000139131,-0.000994803
28.863000,-0.081062660,-0.014085128,9.909751892,0.000362054,-0.001197428,0.000071320
28.903000,-0.042734999,0.081734017,9.900169373,0.000363364,-0.000121928,0.000076369
28.943000,-0.100226484,0.033824444,9.909751892,-0.000700070,-0.000107689,0.000084884
28.982000,-0.037944041,0.062570184,9.895379066,0.000366601,-0.000089884,0.000095380
29.003000,-0.057107870,0.067361146,9.904960632,0.000367274,-0.000080240,0.000101000
29.044000,-0.109808400,0.038615398,9.895379066,-0.000697807,-0.000070390,0.000106555
29.083000,-0.057107870,0.062570184,9.909751892,-0.000700512,-0.000041374,0.000120285
29.104000,-0.037944041,0.038615398,9.900169373,-0.000701694,-0.001098038,0.000124291
29.144000,-0.095435530,0.062570184,9.909751892,0.000363040,-0.000017568,0.000132289
29.184000,-0.061898828,0.033824444,9.909751892,0.000363941,-0.000010521,0.000136169
29.205000,-0.052316912,0.029033486,9.900169373,0.000365133,-0.000003852,0.000139760
29.243000,-0.090644568,0.086524971,9.904960632,0.000367701,0.001074229,0.000144881
29.265000,-0.114599362,0.067361146,9.900169373,0.000368868,0.000015279,0.000145958
29.284000,-0.085853614,0.048197314,9.909751892,-0.000695822,0.000021116,0.000145982
29.325000,-0.042734999,0.062570184,9.904960632,0.000367398,0.000034912,0.000141370
29.365000,-0.095435530,0.038615398,9.914543152,0.000366145,0.000038382,0.000138741
29.404000,-0.052316912,0.057779230,9.904960632,0.000363203,0.000043696,0.000131803
29.424000,-0.057107870,0.048197314,9.909751892,-0.000703662,0.000045185,0.000127323
29.444000,-0.071480744,0.038615398,9.900169373,0.000360114,0.000045780,0.000122348
29.465000,-0.095435530,0.052988268,9.904960632,0.000359053,0.000045614,0.000117029
29.504000,-0.090644568,0.067361146,9.919333458,-0.000708385,0.000041774,-0.000965015
29.525000,-0.037944041,0.033824444,9.900169373,-0.000708385,0.000041774,-0.000965015
29.546000,-0.047525957,0.038615398,9.900169373,-0.000709139,0.000039723,0.000094859
29.585000,-0.076271698,0.048197314,9.904960632,0.000355529,0.000032404,0.000082364
29.606000,-0.061898828,0.033824444,9.876214981,0.000355529,0.000032404,0.000082364
29.645000,-0.085853614,0.067361146,9.890587807,-0.000713701,0.000023093,0.000072215
29.685000,-0.066689789,0.033824444,9.904960632,-0.000720354,0.000012927,0.000065938
29.705000,-0.090644568,0.048197314,9.904960632,-0.000723813,0.000006948,0.000063031
29.725000,-0.090644568,0.067361146,9.895379066,-0.000723813,0.000006948,0.000063031
29.747000,-0.057107870,0.062570184,9.895379066,-0.000728500,-0.000005787,-0.001007503
29.785000,-0.076271698,0.038615398,9.895379066,0.000337994,-0.000017331,0.000054158
29.807000,-0.066689789,0.052988268,9.909751892,0.000340622,-0.000022305,0.000053890
29.846000,-0.076271698,0.062570184,9.895379066,0.000348119,-0.000030726,0.000056494
29.868000,-0.090644568,0.048197314,9.909751892,-0.000712616,-0.000034215,0.000059000
29.907000,-0.071480744,0.048197314,9.885796547,-0.000701964,-0.000039885,-0.000999477
29.928000,-0.090644568,0.062570184,9.895379066,-0.000695714,-0.000042124,0.000070391
29.967000,-0.057107870,0.043406360,9.904960632,-0.000681232,-0.000045561,0.000083112
29.987000,-0.061898828,0.043406360,9.900169373,-0.000681232,-0.000045561,0.000083112
